【合租】丁字桥 鸿岭花园 4室次卧,鸿岭花园,1010,http://wh.58.com/pinpaigongyu/32168860230443x.shtml?psid=197616436198664364914986787
【合租】后湖 融创公园壹号 1室次卧,融创公园壹号,1100,http://wh.58.com/pinpaigongyu/32412662783692x.shtml?psid=197616436198664364914986787
【整租】街道口 未来公馆 1室0厅,未来公馆,1500,http://wh.58.com/pinpaigongyu/31960202746433x.shtml?psid=197616436198664364914986787
【合租】唐家墩 万达广场住宅小区 4室次卧,万达广场住宅小区,1180,http://wh.58.com/pinpaigongyu/32723411261642x.shtml?psid=197616436198664364914986787
【整租】街道口 未来公馆 1室0厅,未来公馆,1500,http://wh.58.com/pinpaigongyu/32560744788942x.shtml?psid=197616436198664364914986787
【整租】中南路 鹏程时代 1室0厅,鹏程时代,1600,http://wh.58.com/pinpaigongyu/31552259006394x.shtml?psid=197616436198664364914986787
【合租】常青 福星惠誉福星城南 1室次卧,福星惠誉福星城南,1000,http://wh.58.com/pinpaigongyu/32582886145596x.shtml?psid=197616436198664364914986787
【整租】广埠屯 天宝嘉苑 1室0厅,天宝嘉苑,1300,http://wh.58.com/pinpaigongyu/31826783977288x.shtml?psid=197616436198664364914986787
【合租】徐东 新长江滨江花园 4室次卧,新长江滨江花园,1000,http://wh.58.com/pinpaigongyu/32648992320434x.shtml?psid=197616436198664364914986787
【合租】杨汊湖 中国水电盛世江城 1室主卧,中国水电盛世江城,1300,http://wh.58.com/pinpaigongyu/32394482751678x.shtml?psid=197616436198664364914986787
【合租】鲁巷 东湖阳光 3室主卧,东湖阳光,1190,http://wh.58.com/pinpaigongyu/32672966289992x.shtml?psid=197616436198664364914986787
【整租】美滋梦 徐东 东湖庭园,徐东,1300-1500,http://wh.58.com/pinpaigongyu/32017143987629x.shtml?psid=197616436198664364914986787
【整租】后湖 后湖欧亚达生活广 1室1厅,后湖欧亚达生活广,1700,http://wh.58.com/pinpaigongyu/32721855350979x.shtml?psid=197616436198664364914986787
【合租】百步亭 金涛翰林苑 4室主卧,金涛翰林苑,1080,http://wh.58.com/pinpaigongyu/32700103234989x.shtml?psid=197616436198664364914986787
【整租】金色港湾 金色港湾 1室1厅,金色港湾,1880,http://wh.58.com/pinpaigongyu/31084327032136x.shtml?psid=197616436198664364914986787
【整租】武汉自在遇 徐东 金地自在城店,徐东,1400-1600,http://wh.58.com/pinpaigongyu/31606867075404x.shtml?psid=197616436198664364914986787
【整租】珞狮南路 幸福佳苑 1室1厅,幸福佳苑,1400,http://wh.58.com/pinpaigongyu/31340460563407x.shtml?psid=197616436198664364914986787
【合租】后湖 宏宇绿色新都 1室次卧,宏宇绿色新都,1000,http://wh.58.com/pinpaigongyu/32191035188922x.shtml?psid=197616436198664364914986787
【合租】升官渡 ICC汉阳国际公 1室主卧,ICC汉阳国际公,1400,http://wh.58.com/pinpaigongyu/32070118150721x.shtml?psid=197616436198664364914986787
【整租】金色港湾 金色港湾 1室1厅,金色港湾,1880,http://wh.58.com/pinpaigongyu/31040069792207x.shtml?psid=197616436198664364914986787
【合租】徐家棚 西斯莱公馆 4室次卧,西斯莱公馆,1000,http://wh.58.com/pinpaigongyu/32648784290634x.shtml?psid=171255979198664364969749480
【合租】积玉桥 融侨华府 5室次卧,融侨华府,1100,http://wh.58.com/pinpaigongyu/32666246329521x.shtml?psid=171255979198664364969749480
【合租】新华路 三金华都 4室主卧,三金华都,1180,http://wh.58.com/pinpaigongyu/32646230752581x.shtml?psid=171255979198664364969749480
【合租】杨汊湖 中国水电盛世江城 1室主卧,中国水电盛世江城,1300,http://wh.58.com/pinpaigongyu/32533441337265x.shtml?psid=171255979198664364969749480
【合租】常青 福星惠誉福星城北 1室次卧,福星惠誉福星城北,1000,http://wh.58.com/pinpaigongyu/32394352875466x.shtml?psid=171255979198664364969749480
【整租】广埠屯 南国大家装 1室1厅,南国大家装,1760,http://wh.58.com/pinpaigongyu/32425182613957x.shtml?psid=171255979198664364969749480
【整租】街道口 天宝嘉苑 1室0厅,天宝嘉苑,1600,http://wh.58.com/pinpaigongyu/31339319428921x.shtml?psid=171255979198664364969749480
【整租】新南湖 丽岛柳园 1室0厅,丽岛柳园,1400,http://wh.58.com/pinpaigongyu/31711312147887x.shtml?psid=171255979198664364969749480
【整租】街道口 未来公馆 1室0厅,未来公馆,1500,http://wh.58.com/pinpaigongyu/32560503312949x.shtml?psid=171255979198664364969749480
【整租】街道口 南国雄楚广场 1室0厅,南国雄楚广场,1400,http://wh.58.com/pinpaigongyu/32561712872620x.shtml?psid=171255979198664364969749480
【合租】鲁巷 光谷ONE39 3室主卧,光谷ONE39,1000,http://wh.58.com/pinpaigongyu/32673540385338x.shtml?psid=171255979198664364969749480
【整租】武汉冠寓 硚口周边 冠寓CBD店,硚口周边,1250-1350,http://wh.58.com/pinpaigongyu/32503679087414x.shtml?psid=171255979198664364969749480
【合租】百步亭 百步龙庭 1室次卧,百步龙庭,1060,http://wh.58.com/pinpaigongyu/32140198288302x.shtml?psid=171255979198664364969749480
【整租】关山 山水华庭 1室1厅,山水华庭,1050,http://wh.58.com/pinpaigongyu/32137117567300x.shtml?psid=171255979198664364969749480
【合租】百步亭 金涛翰林苑 4室主卧,金涛翰林苑,1280,http://wh.58.com/pinpaigongyu/32700165042474x.shtml?psid=171255979198664364969749480
【整租】慕特青年公寓 南湖花园 慕特青年公寓2,南湖花园,1680-1730,http://wh.58.com/pinpaigongyu/31939551223112x.shtml?psid=171255979198664364969749480
【整租】珞狮南路 鸿福花园 2室1厅,鸿福花园,2000,http://wh.58.com/pinpaigongyu/32489928702401x.shtml?psid=171255979198664364969749480
【整租】鲁巷 南湖康泰花园海棠 1室1厅,南湖康泰花园海棠,1800,http://wh.58.com/pinpaigongyu/31958566330666x.shtml?psid=171255979198664364969749480
【合租】光谷 米兰映象 3室主卧,米兰映象,1230,http://wh.58.com/pinpaigongyu/32672883345066x.shtml?psid=171255979198664364969749480
【整租】金色港湾 女神公寓 1室1厅,【整租】金色港湾,1880,http://wh.58.com/pinpaigongyu/31073856579008x.shtml?psid=171255979198664364969749480
【整租】徐东 东湖庭园 1室0厅,东湖庭园,1300,http://wh.58.com/pinpaigongyu/32588592267063x.shtml?psid=132260514198664365020872006
【合租】王家湾 人信汇(二期) 4室主卧,人信汇(二期),1030,http://wh.58.com/pinpaigongyu/32302067919537x.shtml?psid=132260514198664365020872006
【合租】杨汊湖 福星华府东区 1室次卧,福星华府东区,1000,http://wh.58.com/pinpaigongyu/32394266356048x.shtml?psid=132260514198664365020872006
【合租】古田 海尔国际广场 3室主卧,海尔国际广场,1160,http://wh.58.com/pinpaigongyu/32415178912580x.shtml?psid=132260514198664365020872006
【合租】徐东 正堂山外山 4室次卧,正堂山外山,1040,http://wh.58.com/pinpaigongyu/32302098963756x.shtml?psid=132260514198664365020872006
【整租】街道口 鸿桂苑东区 1室0厅,鸿桂苑东区,1300,http://wh.58.com/pinpaigongyu/32598546842543x.shtml?psid=132260514198664365020872006
【整租】徐东 东湖庭园 1室1厅,东湖庭园,1600,http://wh.58.com/pinpaigongyu/32069379076795x.shtml?psid=132260514198664365020872006
【合租】陈家湾 金鑫国际 4室次卧,金鑫国际,1160,http://wh.58.com/pinpaigongyu/32423469422796x.shtml?psid=132260514198664365020872006
【合租】丁字桥 丽岛2046 3室次卧,丽岛2046,1210,http://wh.58.com/pinpaigongyu/32425155780139x.shtml?psid=132260514198664365020872006
【合租】古田 江湾国际 4室次卧,江湾国际,1160,http://wh.58.com/pinpaigongyu/32415148342730x.shtml?psid=132260514198664365020872006
【整租】后湖 塔子湖锦绣家园幽 2室1厅,塔子湖锦绣家园幽,1800,http://wh.58.com/pinpaigongyu/32569567281578x.shtml?psid=132260514198664365020872006
【整租】颜值公寓 金色港湾 女神公寓店,金色港湾,1700-2000,http://wh.58.com/pinpaigongyu/31065427053106x.shtml?psid=132260514198664365020872006
【合租】鲁巷 宇峰家园 3室主卧,宇峰家园,1290,http://wh.58.com/pinpaigongyu/32672822641982x.shtml?psid=132260514198664365020872006
【整租】金色港湾 金色港湾 1室1厅,金色港湾,1880,http://wh.58.com/pinpaigongyu/31371573703621x.shtml?psid=132260514198664365020872006
【合租】钟家村 江腾苑A区 1室次卧,江腾苑A区,1240,http://wh.58.com/pinpaigongyu/31363544635461x.shtml?psid=132260514198664365020872006
【整租】优墨公寓 新华路 优墨菱角湖店,新华路,1680-1780,http://wh.58.com/pinpaigongyu/31463191829422x.shtml?psid=132260514198664365020872006
【整租】广埠屯 南国大家装 1室1厅,南国大家装,1800,http://wh.58.com/pinpaigongyu/31537958293931x.shtml?psid=132260514198664365020872006
【整租】街道口 鸿福花园 2室1厅,鸿福花园,2000,http://wh.58.com/pinpaigongyu/32326157630906x.shtml?psid=132260514198664365020872006
【整租】后湖 塔子湖锦绣家园幽 2室1厅,塔子湖锦绣家园幽,1800,http://wh.58.com/pinpaigongyu/32569506842315x.shtml?psid=132260514198664365020872006
【合租】关山 清江山水 3室主卧,清江山水,1130,http://wh.58.com/pinpaigongyu/32674889064126x.shtml?psid=132260514198664365020872006
【整租】徐东 东湖庭园 1室0厅,东湖庭园,1300,http://wh.58.com/pinpaigongyu/32026753835214x.shtml?psid=176314923198664365341178592
【合租】后湖 雷苑小区 3室次卧,雷苑小区,1060,http://wh.58.com/pinpaigongyu/32224291646023x.shtml?psid=176314923198664365341178592
【整租】广埠屯 天宝嘉苑 1室0厅,天宝嘉苑,1500,http://wh.58.com/pinpaigongyu/31444819865279x.shtml?psid=176314923198664365341178592
【合租】光谷 祥和雅居 3室主卧,祥和雅居,1050,http://wh.58.com/pinpaigongyu/32700731776067x.shtml?psid=176314923198664365341178592
【整租】中南路 中南SOHO 1室0厅,中南SOHO,2000,http://wh.58.com/pinpaigongyu/31960071294143x.shtml?psid=176314923198664365341178592
【整租】汉阳周边 好易娜大厦 1室1厅,好易娜大厦,1390,http://wh.58.com/pinpaigongyu/32168770661418x.shtml?psid=176314923198664365341178592
【整租】新南湖 丽岛柳园 1室0厅,丽岛柳园,1300,http://wh.58.com/pinpaigongyu/31711283999311x.shtml?psid=176314923198664365341178592
【合租】珞狮南路 鸿福花园 4室次卧,鸿福花园,1200,http://wh.58.com/pinpaigongyu/32193023082033x.shtml?psid=176314923198664365341178592
【合租】王家湾 中国铁建国际城 4室主卧,中国铁建国际城,1070,http://wh.58.com/pinpaigongyu/32170655314740x.shtml?psid=176314923198664365341178592
【合租】后湖 武汉市消防支队经 4室次卧,武汉市消防支队经,1100,http://wh.58.com/pinpaigongyu/32171675611077x.shtml?psid=176314923198664365341178592
【整租】金色港湾 金色港湾 1室1厅,金色港湾,1880,http://wh.58.com/pinpaigongyu/31371579731913x.shtml?psid=176314923198664365341178592
【整租】杰晨城市公寓 新南湖 书城路店,新南湖,1300-1900,http://wh.58.com/pinpaigongyu/32426328385612x.shtml?psid=176314923198664365341178592
【整租】广埠屯 南国大家装 1室1厅,南国大家装,1750,http://wh.58.com/pinpaigongyu/31493671054412x.shtml?psid=176314923198664365341178592
【整租】广埠屯 鸿福花园 2室1厅,鸿福花园,2000,http://wh.58.com/pinpaigongyu/32489728387664x.shtml?psid=176314923198664365341178592
【合租】鲁巷 宇峰家园 3室主卧,宇峰家园,1190,http://wh.58.com/pinpaigongyu/32672746634562x.shtml?psid=176314923198664365341178592
【整租】世联红璞公寓 升官渡 江汉大学店,升官渡,1000-1200,http://wh.58.com/pinpaigongyu/30955511993163x.shtml?psid=176314923198664365341178592
【合租】后湖 圣诚和园 1室次卧,圣诚和园,1200,http://wh.58.com/pinpaigongyu/32140659600958x.shtml?psid=176314923198664365341178592
【整租】珞狮南路 幸福佳苑 1室0厅,幸福佳苑,1300,http://wh.58.com/pinpaigongyu/31515694472253x.shtml?psid=176314923198664365341178592
【整租】中南路 向阳佳苑 1室1厅,向阳佳苑,1800,http://wh.58.com/pinpaigongyu/32325523865290x.shtml?psid=176314923198664365341178592
【合租】鲁巷 华城新都 3室主卧,华城新都,1330,http://wh.58.com/pinpaigongyu/32673302902591x.shtml?psid=176314923198664365341178592
【整租】徐东 东湖庭园 1室0厅,东湖庭园,1100,http://wh.58.com/pinpaigongyu/31637114743120x.shtml?psid=179704321198664365431906249
【合租】后湖 中森华国际城 5室次卧,中森华国际城,1160,http://wh.58.com/pinpaigongyu/32171776899005x.shtml?psid=179704321198664365431906249
【合租】杨汊湖 中国水电盛世江城 1室次卧,中国水电盛世江城,1000,http://wh.58.com/pinpaigongyu/32512016959810x.shtml?psid=179704321198664365431906249
【整租】街道口 南国雄楚广场 1室0厅,南国雄楚广场,1600,http://wh.58.com/pinpaigongyu/31711787895471x.shtml?psid=179704321198664365431906249
【合租】积玉桥 绿地国际金融城 4室主卧,绿地国际金融城,1410,http://wh.58.com/pinpaigongyu/32268006254003x.shtml?psid=179704321198664365431906249
【合租】杨汊湖 中国水电盛世江城 1室次卧,中国水电盛世江城,1000,http://wh.58.com/pinpaigongyu/32502757262652x.shtml?psid=179704321198664365431906249
【整租】广埠屯 天宝嘉苑 1室0厅,天宝嘉苑,1600,http://wh.58.com/pinpaigongyu/32561094344506x.shtml?psid=179704321198664365431906249
【合租】光谷 统建天成美雅 3室主卧,统建天成美雅,1110,http://wh.58.com/pinpaigongyu/32480398808772x.shtml?psid=179704321198664365431906249
【合租】徐东 兴华嘉天下 4室主卧,兴华嘉天下,1200,http://wh.58.com/pinpaigongyu/32699585270475x.shtml?psid=179704321198664365431906249
【整租】新南湖 丽岛柳园 1室0厅,丽岛柳园,1200,http://wh.58.com/pinpaigongyu/32701324420287x.shtml?psid=179704321198664365431906249
【合租】唐家墩 金利明珠花园 1室次卧,金利明珠花园,1200,http://wh.58.com/pinpaigongyu/32106141662281x.shtml?psid=179704321198664365431906249
【整租】魔方公寓（武汉） 武胜路 江汉一桥店,武胜路,1580-1730,http://wh.58.com/pinpaigongyu/28938955936327x.shtml?psid=179704321198664365431906249
【合租】鲁巷 smart公寓 3室主卧,【合租】鲁巷,1100,http://wh.58.com/pinpaigongyu/32672916185645x.shtml?psid=179704321198664365431906249
【整租】金色港湾 金色港湾 1室1厅,金色港湾,1880,http://wh.58.com/pinpaigongyu/31317254995626x.shtml?psid=179704321198664365431906249
【合租】后湖 宏宇绿色新都 1室主卧,宏宇绿色新都,1200,http://wh.58.com/pinpaigongyu/32105828230073x.shtml?psid=179704321198664365431906249
【整租】云霄公寓 前进/江汉 前进二路店,前进/江汉,1180-1280,http://wh.58.com/pinpaigongyu/29237355359680x.shtml?psid=179704321198664365431906249
【合租】鲁巷 金地中心城西区 3室主卧,金地中心城西区,1000,http://wh.58.com/pinpaigongyu/32673325504316x.shtml?psid=179704321198664365431906249
【整租】鲁巷 南湖康泰花园海棠 1室1厅,南湖康泰花园海棠,1800,http://wh.58.com/pinpaigongyu/32157676802860x.shtml?psid=179704321198664365431906249
【合租】百步亭 百步华庭 1室主卧,百步华庭,1400,http://wh.58.com/pinpaigongyu/32157185129641x.shtml?psid=179704321198664365431906249
【整租】珞狮南路 幸福佳苑 1室1厅,幸福佳苑,1600,http://wh.58.com/pinpaigongyu/31496291145012x.shtml?psid=179704321198664365431906249
【合租】积玉桥 绿地国际金融城 7室主卧,绿地国际金融城,1230,http://wh.58.com/pinpaigongyu/32666312244164x.shtml?psid=164485189198664365471096631
【合租】丁字桥 向阳佳苑B区 4室主卧,向阳佳苑B区,1100,http://wh.58.com/pinpaigongyu/32425165428935x.shtml?psid=164485189198664365471096631
【合租】王家湾 中大十里新城 4室主卧,中大十里新城,1100,http://wh.58.com/pinpaigongyu/32169253774787x.shtml?psid=164485189198664365471096631
【整租】徐东 东湖庭园 1室1厅,东湖庭园,1700,http://wh.58.com/pinpaigongyu/32610582335162x.shtml?psid=164485189198664365471096631
【整租】广埠屯 天宝嘉苑 1室0厅,天宝嘉苑,1500,http://wh.58.com/pinpaigongyu/31430541490100x.shtml?psid=164485189198664365471096631
【整租】后湖 汉口城市广场 1室1厅,汉口城市广场,1710,http://wh.58.com/pinpaigongyu/32170904072261x.shtml?psid=164485189198664365471096631
【合租】中北路 水岸星城B区(别 5室次卧,水岸星城B区(别,1100,http://wh.58.com/pinpaigongyu/32691643734828x.shtml?psid=164485189198664365471096631
【合租】徐东 新长江滨江花园 3室主卧,新长江滨江花园,1100,http://wh.58.com/pinpaigongyu/32649080177344x.shtml?psid=164485189198664365471096631
【合租】百步亭 万锦江城 3室次卧,万锦江城,1140,http://wh.58.com/pinpaigongyu/32171645972155x.shtml?psid=164485189198664365471096631
【合租】古田 永利新城北苑 4室主卧,永利新城北苑,1040,http://wh.58.com/pinpaigongyu/32115328015312x.shtml?psid=164485189198664365471096631
【合租】光谷 新域柠檬特区 3室主卧,新域柠檬特区,1200,http://wh.58.com/pinpaigongyu/32724040983606x.shtml?psid=164485189198664365471096631
【整租】武汉自在遇 徐东 金地自在城店,徐东,1600-1900,http://wh.58.com/pinpaigongyu/31275249366349x.shtml?psid=164485189198664365471096631
【合租】百步亭 汉口新城公园世家 1室次卧,汉口新城公园世家,1120,http://wh.58.com/pinpaigongyu/32140700082484x.shtml?psid=164485189198664365471096631
【合租】光谷 保利花园西区 3室主卧,保利花园西区,1200,http://wh.58.com/pinpaigongyu/32667584027458x.shtml?psid=164485189198664365471096631
【整租】金色港湾 金色港湾 1室1厅,金色港湾,1880,http://wh.58.com/pinpaigongyu/31371569154882x.shtml?psid=164485189198664365471096631
【整租】美滋梦 光谷 康泰花园店,光谷,1100-1500,http://wh.58.com/pinpaigongyu/32249290625084x.shtml?psid=164485189198664365471096631
【合租】鲁巷 金地中心城西区 3室主卧,金地中心城西区,1100,http://wh.58.com/pinpaigongyu/32673251192006x.shtml?psid=164485189198664365471096631
【整租】金色港湾 金利屋大厦 1室1厅,金利屋大厦,1880,http://wh.58.com/pinpaigongyu/31317257238968x.shtml?psid=164485189198664365471096631
【合租】后湖 星悦城(一期) 1室次卧,星悦城(一期),1060,http://wh.58.com/pinpaigongyu/32169290951092x.shtml?psid=164485189198664365471096631
【合租】关山 明珠花园 3室主卧,明珠花园,1160,http://wh.58.com/pinpaigongyu/32667534966835x.shtml?psid=164485189198664365471096631
【合租】后湖 二七国际 4室主卧,二七国际,1030,http://wh.58.com/pinpaigongyu/32415708190523x.shtml?psid=178775342198664365516853882
【合租】杨汊湖 城开汉口秀园 1室主卧,城开汉口秀园,1150,http://wh.58.com/pinpaigongyu/32394718971071x.shtml?psid=178775342198664365516853882
【合租】王家湾 龙阳熙苑 4室主卧,龙阳熙苑,1060,http://wh.58.com/pinpaigongyu/32169032854329x.shtml?psid=178775342198664365516853882
【合租】积玉桥 欧林湾 6室主卧,欧林湾,1100,http://wh.58.com/pinpaigongyu/32699239034282x.shtml?psid=178775342198664365516853882
【合租】后湖 跃进家园C区 5室次卧,跃进家园C区,1070,http://wh.58.com/pinpaigongyu/32193018840129x.shtml?psid=178775342198664365516853882
【合租】徐东 金地自在城(东区 4室主卧,金地自在城(东区,1000,http://wh.58.com/pinpaigongyu/32168709908920x.shtml?psid=178775342198664365516853882
【整租】徐东 东湖庭园 1室0厅,东湖庭园,1300,http://wh.58.com/pinpaigongyu/32569688421172x.shtml?psid=178775342198664365516853882
【合租】后湖 星悦城四期 1室次卧,星悦城四期,1000,http://wh.58.com/pinpaigongyu/32412693166539x.shtml?psid=178775342198664365516853882
【整租】街道口 京韵花园 1室1厅,京韵花园,1600,http://wh.58.com/pinpaigongyu/31960352411969x.shtml?psid=178775342198664365516853882
【合租】杨汊湖 中国水电盛世江城 1室次卧,中国水电盛世江城,1100,http://wh.58.com/pinpaigongyu/32394534566331x.shtml?psid=178775342198664365516853882
【合租】常青 思联花园城 1室次卧,思联花园城,1430,http://wh.58.com/pinpaigongyu/32140369035597x.shtml?psid=178775342198664365516853882
【整租】慕特青年公寓 南湖花园 慕特青年公寓2,南湖花园,1590-1810,http://wh.58.com/pinpaigongyu/31099233314368x.shtml?psid=178775342198664365516853882
【整租】金色港湾 金利屋 1室1厅,金利屋,1880,http://wh.58.com/pinpaigongyu/31317322545729x.shtml?psid=178775342198664365516853882
【合租】丁字桥 湖北省公安厅宿舍 1室主卧,湖北省公安厅宿舍,1680,http://wh.58.com/pinpaigongyu/32140456736335x.shtml?psid=178775342198664365516853882
【合租】鲁巷 东湖阳光 3室主卧,东湖阳光,1160,http://wh.58.com/pinpaigongyu/32672900344140x.shtml?psid=178775342198664365516853882
【整租】武汉冠寓 硚口周边 冠寓CBD店,硚口周边,1500-3000,http://wh.58.com/pinpaigongyu/32536267407660x.shtml?psid=178775342198664365516853882
【合租】后湖 百胜春天 1室主卧,百胜春天,1200,http://wh.58.com/pinpaigongyu/32168477238443x.shtml?psid=178775342198664365516853882
【合租】鲁巷 湖北省中医院鲁巷 3室主卧,湖北省中医院鲁巷,1190,http://wh.58.com/pinpaigongyu/32673119899970x.shtml?psid=178775342198664365516853882
【整租】金色港湾 金色港湾金利屋大 1室1厅,金色港湾金利屋大,1900,http://wh.58.com/pinpaigongyu/31073838432169x.shtml?psid=178775342198664365516853882
【整租】积玉桥 绿地国际金融城 1室1厅,绿地国际金融城,1600,http://wh.58.com/pinpaigongyu/32105006746025x.shtml?psid=178775342198664365516853882
【合租】中北路 水岸星城B区(别 5室主卧,水岸星城B区(别,1000,http://wh.58.com/pinpaigongyu/32699284425544x.shtml?psid=192539657198664365591834363
【合租】百步亭 连城家园 4室次卧,连城家园,1100,http://wh.58.com/pinpaigongyu/32171526391888x.shtml?psid=192539657198664365591834363
【合租】广埠屯 福星惠誉东湖城二 4室主卧,福星惠誉东湖城二,1010,http://wh.58.com/pinpaigongyu/32169427429686x.shtml?psid=192539657198664365591834363
【合租】徐东 铂金天地 5室主卧,铂金天地,1100,http://wh.58.com/pinpaigongyu/32699558437435x.shtml?psid=192539657198664365591834363
【整租】中南路 中南SOHO 1室0厅,中南SOHO,2000,http://wh.58.com/pinpaigongyu/31711718636212x.shtml?psid=192539657198664365591834363
【整租】街道口 未来公馆 1室0厅,未来公馆,1500,http://wh.58.com/pinpaigongyu/31876000065208x.shtml?psid=192539657198664365591834363
【合租】常青花园 美联奥林匹克花园 4室次卧,美联奥林匹克花园,1000,http://wh.58.com/pinpaigongyu/32314901315526x.shtml?psid=192539657198664365591834363
【合租】洪山周边 武丰佳园 3室主卧,武丰佳园,1000,http://wh.58.com/pinpaigongyu/32168592047431x.shtml?psid=192539657198664365591834363
【合租】后湖 星悦城四期 1室次卧,星悦城四期,1000,http://wh.58.com/pinpaigongyu/32403362068394x.shtml?psid=192539657198664365591834363
【合租】徐东 橡树湾 4室主卧,橡树湾,1200,http://wh.58.com/pinpaigongyu/32489381778244x.shtml?psid=192539657198664365591834363
【整租】金色港湾 金利屋大厦 1室1厅,金利屋大厦,1880,http://wh.58.com/pinpaigongyu/31073832571324x.shtml?psid=192539657198664365591834363
【整租】优墨公寓 新华路 优墨菱角湖店,新华路,1800-2380,http://wh.58.com/pinpaigongyu/31583630140981x.shtml?psid=192539657198664365591834363
【合租】鲁巷 东湖阳光 3室主卧,东湖阳光,1230,http://wh.58.com/pinpaigongyu/32671334284364x.shtml?psid=192539657198664365591834363
【整租】金色港湾 金色港湾 1室1厅,金色港湾,1980,http://wh.58.com/pinpaigongyu/31371578054988x.shtml?psid=192539657198664365591834363
【合租】二七路 宏兴苑 1室主卧,宏兴苑,1200,http://wh.58.com/pinpaigongyu/32106631872309x.shtml?psid=192539657198664365591834363
【整租】杰晨城市公寓 新南湖 书城路店,新南湖,1300-1650,http://wh.58.com/pinpaigongyu/32426313228988x.shtml?psid=192539657198664365591834363
【整租】金色港湾 金色港湾 1室1厅,金色港湾,1880,http://wh.58.com/pinpaigongyu/31073835559106x.shtml?psid=192539657198664365591834363
【合租】徐家棚 西斯莱公馆 1室主卧,西斯莱公馆,1500,http://wh.58.com/pinpaigongyu/32104879043123x.shtml?psid=192539657198664365591834363
【合租】鲁巷 新域柠檬特区 3室主卧,新域柠檬特区,1100,http://wh.58.com/pinpaigongyu/32721293931717x.shtml?psid=192539657198664365591834363
【整租】金色港湾 金桥太子湖1号 1室1厅,金桥太子湖1号,1880,http://wh.58.com/pinpaigongyu/31218250642633x.shtml?psid=192539657198664365591834363
【合租】积玉桥 融侨华府 4室主卧,融侨华府,1100,http://wh.58.com/pinpaigongyu/32648739887298x.shtml?psid=164905630198664365638457575
【合租】王家湾 王家湾中央生活区 4室主卧,王家湾中央生活区,1100,http://wh.58.com/pinpaigongyu/32303585048125x.shtml?psid=164905630198664365638457575
【合租】丁字桥 向阳佳苑B区 4室次卧,向阳佳苑B区,1060,http://wh.58.com/pinpaigongyu/32480832884521x.shtml?psid=164905630198664365638457575
【合租】珞狮南路 鸿城家园 3室次卧,鸿城家园,1000,http://wh.58.com/pinpaigongyu/32425223555777x.shtml?psid=164905630198664365638457575
【合租】光谷 金地天悦 3室次卧,金地天悦,1100,http://wh.58.com/pinpaigongyu/32511912904784x.shtml?psid=164905630198664365638457575
【合租】古田 江湾国际 4室次卧,江湾国际,1160,http://wh.58.com/pinpaigongyu/32170941152197x.shtml?psid=164905630198664365638457575
【整租】街道口 未来公馆 1室0厅,未来公馆,1600,http://wh.58.com/pinpaigongyu/31264309218616x.shtml?psid=164905630198664365638457575
【整租】光谷 南湖康泰花园海棠 1室1厅,南湖康泰花园海棠,1800,http://wh.58.com/pinpaigongyu/32102216457792x.shtml?psid=164905630198664365638457575
【合租】关山 丽岛漫城 4室次卧,丽岛漫城,1100,http://wh.58.com/pinpaigongyu/32170836322095x.shtml?psid=164905630198664365638457575
【整租】新南湖 丽岛柳园 1室0厅,丽岛柳园,1400,http://wh.58.com/pinpaigongyu/32561120446654x.shtml?psid=164905630198664365638457575
【合租】鲁巷 当代花园东方巴黎 3室主卧,当代花园东方巴黎,1230,http://wh.58.com/pinpaigongyu/32672934199092x.shtml?psid=164905630198664365638457575
【整租】魔方公寓（武汉） 中南路 武昌火车站店,中南路,1390-1850,http://wh.58.com/pinpaigongyu/29782533512506x.shtml?psid=164905630198664365638457575
【合租】鲁巷 宇峰家园 3室主卧,宇峰家园,1230,http://wh.58.com/pinpaigongyu/32672721016754x.shtml?psid=164905630198664365638457575
【整租】金色港湾 金色港湾 1室1厅,金色港湾,1880,http://wh.58.com/pinpaigongyu/31725967034801x.shtml?psid=164905630198664365638457575
【合租】光谷 华城新都 3室主卧,华城新都,1150,http://wh.58.com/pinpaigongyu/32721759695924x.shtml?psid=164905630198664365638457575
【整租】颜值公寓 卓刀泉 可遇公寓虎泉店,卓刀泉,1650-2000,http://wh.58.com/pinpaigongyu/30192454787915x.shtml?psid=164905630198664365638457575
【合租】光谷 华城新都 3室主卧,华城新都,1200,http://wh.58.com/pinpaigongyu/32721707256384x.shtml?psid=164905630198664365638457575
【整租】金色港湾 金色港湾 1室1厅,金色港湾,1880,http://wh.58.com/pinpaigongyu/31218286974542x.shtml?psid=164905630198664365638457575
【合租】鲁巷 华城新都 3室主卧,华城新都,1200,http://wh.58.com/pinpaigongyu/32721420687175x.shtml?psid=164905630198664365638457575
【整租】金色港湾 金色港湾 1室1厅,金色港湾,1880,http://wh.58.com/pinpaigongyu/31062183722680x.shtml?psid=164905630198664365638457575
【合租】光谷 统建天成美景 3室主卧,统建天成美景,1100,http://wh.58.com/pinpaigongyu/32423484915653x.shtml?psid=178608942198664365685111555
【合租】后湖 百步亭江南郡 4室次卧,百步亭江南郡,1000,http://wh.58.com/pinpaigongyu/32171436489528x.shtml?psid=178608942198664365685111555
【合租】古田 江湾国际 4室次卧,江湾国际,1030,http://wh.58.com/pinpaigongyu/32193098417341x.shtml?psid=178608942198664365685111555
【整租】新南湖 丽岛柳园 1室0厅,丽岛柳园,1400,http://wh.58.com/pinpaigongyu/31264305185469x.shtml?psid=178608942198664365685111555
【合租】五里墩 红光怡馨苑 4室主卧,红光怡馨苑,1030,http://wh.58.com/pinpaigongyu/32315319956174x.shtml?psid=178608942198664365685111555
【整租】街道口 南国雄楚广场 1室0厅,南国雄楚广场,1400,http://wh.58.com/pinpaigongyu/31074106481615x.shtml?psid=178608942198664365685111555
【合租】积玉桥 绿地国际金融城 7室次卧,绿地国际金融城,1200,http://wh.58.com/pinpaigongyu/32648895004084x.shtml?psid=178608942198664365685111555
【合租】杨汊湖 福星华府东区 1室主卧,福星华府东区,1300,http://wh.58.com/pinpaigongyu/32394320400460x.shtml?psid=178608942198664365685111555
【整租】广埠屯 天宝嘉苑 1室0厅,天宝嘉苑,1300,http://wh.58.com/pinpaigongyu/31960834649673x.shtml?psid=178608942198664365685111555
【整租】新南湖 丽岛柳园 1室0厅,丽岛柳园,1400,http://wh.58.com/pinpaigongyu/31316799816120x.shtml?psid=178608942198664365685111555
【合租】光谷 华城新都 3室主卧,华城新都,1260,http://wh.58.com/pinpaigongyu/32667276147919x.shtml?psid=178608942198664365685111555
【整租】云霄公寓 前进/江汉 前进二路店,前进/江汉,1380-1680,http://wh.58.com/pinpaigongyu/29084782961595x.shtml?psid=178608942198664365685111555
【合租】鲁巷 东湖阳光 3室主卧,东湖阳光,1100,http://wh.58.com/pinpaigongyu/32673266482100x.shtml?psid=178608942198664365685111555
【合租】光谷 华城新都 3室主卧,华城新都,1200,http://wh.58.com/pinpaigongyu/32667149612105x.shtml?psid=178608942198664365685111555
【合租】鲁巷 金地雄楚一号 3室主卧,金地雄楚一号,1100,http://wh.58.com/pinpaigongyu/32670659977523x.shtml?psid=178608942198664365685111555
【整租】武汉自在遇 徐东 金地自在城店,徐东,1500-1650,http://wh.58.com/pinpaigongyu/32536498703567x.shtml?psid=178608942198664365685111555
【合租】鲁巷 宇峰家园 3室主卧,宇峰家园,1230,http://wh.58.com/pinpaigongyu/32672948343117x.shtml?psid=178608942198664365685111555
【合租】光谷 当代光谷智慧城 3室主卧,当代光谷智慧城,1290,http://wh.58.com/pinpaigongyu/32667503172155x.shtml?psid=178608942198664365685111555
【合租】鲁巷 金地雄楚一号 3室主卧,金地雄楚一号,1260,http://wh.58.com/pinpaigongyu/32667171366713x.shtml?psid=178608942198664365685111555
【合租】鲁巷 加州阳光 3室主卧,加州阳光,1160,http://wh.58.com/pinpaigongyu/32673177260345x.shtml?psid=178608942198664365685111555
【合租】徐东 东湖尚郡 4室主卧,东湖尚郡,1160,http://wh.58.com/pinpaigongyu/32302064015412x.shtml?psid=146533680198664365995794378
【整租】街道口 南国雄楚广场 1室0厅,南国雄楚广场,1500,http://wh.58.com/pinpaigongyu/32561674802637x.shtml?psid=146533680198664365995794378
【合租】徐家棚 西斯莱公馆 4室次卧,西斯莱公馆,1000,http://wh.58.com/pinpaigongyu/32648822656051x.shtml?psid=146533680198664365995794378
【合租】杨园 融侨城1期 4室主卧,融侨城1期,1100,http://wh.58.com/pinpaigongyu/32170643587021x.shtml?psid=146533680198664365995794378
【合租】王家湾 名士华府 4室主卧,名士华府,1000,http://wh.58.com/pinpaigongyu/32171711554376x.shtml?psid=146533680198664365995794378
【整租】街道口 未来公馆 1室0厅,未来公馆,1300,http://wh.58.com/pinpaigongyu/31960242288059x.shtml?psid=146533680198664365995794378
【整租】中南路 中南SOGO城 1室1厅,中南SOGO城,2000,http://wh.58.com/pinpaigongyu/30752578009289x.shtml?psid=146533680198664365995794378
【合租】常青 福星惠誉福星城南 1室主卧,福星惠誉福星城南,1360,http://wh.58.com/pinpaigongyu/32544956242633x.shtml?psid=146533680198664365995794378
【整租】徐东 东湖庭园 1室0厅,东湖庭园,1100,http://wh.58.com/pinpaigongyu/32038880254018x.shtml?psid=146533680198664365995794378
【整租】中南路 中南SOGO城 1室1厅,中南SOGO城,2000,http://wh.58.com/pinpaigongyu/30752971111081x.shtml?psid=146533680198664365995794378
【合租】鲁巷 东湖阳光 3室主卧,东湖阳光,1100,http://wh.58.com/pinpaigongyu/32670735376571x.shtml?psid=146533680198664365995794378
【整租】美滋梦 徐东 东湖庭园,徐东,1600,http://wh.58.com/pinpaigongyu/31796092453299x.shtml?psid=146533680198664365995794378
【合租】鲁巷 加州阳光 3室主卧,加州阳光,1200,http://wh.58.com/pinpaigongyu/32721436119348x.shtml?psid=146533680198664365995794378
【合租】光谷 米兰映象 3室主卧,米兰映象,1300,http://wh.58.com/pinpaigongyu/32667123254088x.shtml?psid=146533680198664365995794378
【合租】东湖高新 现代森林小镇 3室主卧,现代森林小镇,1400,http://wh.58.com/pinpaigongyu/32667014021450x.shtml?psid=146533680198664365995794378
【整租】慕特青年公寓 新南湖 慕特青年公寓,新南湖,1520-1730,http://wh.58.com/pinpaigongyu/31099312283448x.shtml?psid=146533680198664365995794378
【合租】鲁巷 湖北省中医院鲁巷 3室主卧,湖北省中医院鲁巷,1260,http://wh.58.com/pinpaigongyu/32673014925898x.shtml?psid=146533680198664365995794378
【合租】东湖高新 现代森林小镇 3室主卧,现代森林小镇,1200,http://wh.58.com/pinpaigongyu/32668425829041x.shtml?psid=146533680198664365995794378
【合租】光谷 华城新都 3室主卧,华城新都,1160,http://wh.58.com/pinpaigongyu/32667602517175x.shtml?psid=146533680198664365995794378
【合租】鲁巷 华城新都 3室主卧,华城新都,1200,http://wh.58.com/pinpaigongyu/32673193843518x.shtml?psid=146533680198664365995794378
【合租】积玉桥 绿地国际金融城 3室主卧,绿地国际金融城,1100,http://wh.58.com/pinpaigongyu/32170463584945x.shtml?psid=141203039198664366169513414
【整租】街道口 未来公馆 1室0厅,未来公馆,1600,http://wh.58.com/pinpaigongyu/31431072523317x.shtml?psid=141203039198664366169513414
【合租】常青花园 美联奥林匹克花园 4室次卧,美联奥林匹克花园,1000,http://wh.58.com/pinpaigongyu/32259811074601x.shtml?psid=141203039198664366169513414
【整租】街道口 南国雄楚广场 1室0厅,南国雄楚广场,1400,http://wh.58.com/pinpaigongyu/31316768369855x.shtml?psid=141203039198664366169513414
【合租】王家湾 磨山港湾 4室主卧,磨山港湾,1150,http://wh.58.com/pinpaigongyu/32480541196226x.shtml?psid=141203039198664366169513414
【合租】卓刀泉 三金雄楚天地 4室主卧,三金雄楚天地,1500,http://wh.58.com/pinpaigongyu/32469564606018x.shtml?psid=141203039198664366169513414
【整租】鲁巷 南湖康泰花园海棠 1室0厅,南湖康泰花园海棠,1600,http://wh.58.com/pinpaigongyu/31460863216718x.shtml?psid=141203039198664366169513414
【合租】徐东 东湖尚郡 4室次卧,东湖尚郡,1070,http://wh.58.com/pinpaigongyu/32314376622779x.shtml?psid=141203039198664366169513414
【合租】后湖 星悦城1期(商住 4室次卧,星悦城1期(商住,1110,http://wh.58.com/pinpaigongyu/32114662327616x.shtml?psid=141203039198664366169513414
【合租】徐东 东湖景园B区 4室主卧,东湖景园B区,1060,http://wh.58.com/pinpaigongyu/32168820128963x.shtml?psid=141203039198664366169513414
【合租】鲁巷 当代光谷智慧城 3室主卧,当代光谷智慧城,1100,http://wh.58.com/pinpaigongyu/32670480970793x.shtml?psid=141203039198664366169513414
【整租】优墨公寓 前进/江汉 优墨公寓江汉路,前进/江汉,1880-1980,http://wh.58.com/pinpaigongyu/31298309016132x.shtml?psid=141203039198664366169513414
【合租】鲁巷 当代光谷智慧城 3室主卧,当代光谷智慧城,1160,http://wh.58.com/pinpaigongyu/32670985505740x.shtml?psid=141203039198664366169513414
【合租】鲁巷 金地中心城东区 3室主卧,金地中心城东区,1190,http://wh.58.com/pinpaigongyu/32670996288186x.shtml?psid=141203039198664366169513414
【合租】鲁巷 金地天悦 3室主卧,金地天悦,1200,http://wh.58.com/pinpaigongyu/32671364135742x.shtml?psid=141203039198664366169513414
【整租】杰晨城市公寓 新南湖 书城路店,新南湖,1300-1700,http://wh.58.com/pinpaigongyu/32426305396408x.shtml?psid=141203039198664366169513414
【合租】鲁巷 明珠花园 3室主卧,明珠花园,1260,http://wh.58.com/pinpaigongyu/32671221469236x.shtml?psid=141203039198664366169513414
【合租】关山 清江山水 4室主卧,清江山水,1130,http://wh.58.com/pinpaigongyu/32674704359630x.shtml?psid=141203039198664366169513414
【合租】积玉桥 昙华林社区 3室次卧,昙华林社区,1280,http://wh.58.com/pinpaigongyu/32658230158151x.shtml?psid=141203039198664366169513414
【合租】关山 清江山水 3室主卧,清江山水,1130,http://wh.58.com/pinpaigongyu/32674560837035x.shtml?psid=141203039198664366169513414
【合租】后湖 楚邦汉界 4室主卧,楚邦汉界,1100,http://wh.58.com/pinpaigongyu/32337156469427x.shtml?psid=177449909198664366226379549
【合租】街道口 中建南湖壹号 4室次卧,中建南湖壹号,1200,http://wh.58.com/pinpaigongyu/32480514222031x.shtml?psid=177449909198664366226379549
【合租】徐东 联发九都国际 4室次卧,联发九都国际,1000,http://wh.58.com/pinpaigongyu/32423572665898x.shtml?psid=177449909198664366226379549
【合租】徐家棚 湖大琴园小区 4室主卧,湖大琴园小区,1130,http://wh.58.com/pinpaigongyu/32170441644876x.shtml?psid=177449909198664366226379549
【合租】王家湾 磨山港湾 3室主卧,磨山港湾,1100,http://wh.58.com/pinpaigongyu/32169350368326x.shtml?psid=177449909198664366226379549
【合租】七里庙 纽宾凯汉city 4室主卧,纽宾凯汉city,1160,http://wh.58.com/pinpaigongyu/32480331974599x.shtml?psid=177449909198664366226379549
【整租】徐东 东湖庭园 1室1厅,东湖庭园,1700,http://wh.58.com/pinpaigongyu/31880986109625x.shtml?psid=177449909198664366226379549
【整租】街道口 未来公馆 1室0厅,未来公馆,1600,http://wh.58.com/pinpaigongyu/32560672398509x.shtml?psid=177449909198664366226379549
【合租】光谷 祥和雅居 4室次卧,祥和雅居,1050,http://wh.58.com/pinpaigongyu/31958329329095x.shtml?psid=177449909198664366226379549
【整租】街道口 未来公馆 1室0厅,未来公馆,1600,http://wh.58.com/pinpaigongyu/32560555291049x.shtml?psid=177449909198664366226379549
【合租】东湖高新 金地艺境 3室主卧,金地艺境,1400,http://wh.58.com/pinpaigongyu/32721468965942x.shtml?psid=177449909198664366226379549
【整租】魔方公寓（武汉） 中南路 武昌火车站店,中南路,1550-2420,http://wh.58.com/pinpaigongyu/29782558561213x.shtml?psid=177449909198664366226379549
【合租】关山 江城雅居 3室主卧,江城雅居,1230,http://wh.58.com/pinpaigongyu/32671860955588x.shtml?psid=177449909198664366226379549
【合租】关山 融科天域 3室次卧,融科天域,1230,http://wh.58.com/pinpaigongyu/32674682296518x.shtml?psid=177449909198664366226379549
【合租】关山 融科天域 3室主卧,融科天域,1430,http://wh.58.com/pinpaigongyu/32674722697387x.shtml?psid=177449909198664366226379549
【整租】颜值公寓 广埠屯 武大新锐公寓,广埠屯,1450-1800,http://wh.58.com/pinpaigongyu/30181279140421x.shtml?psid=177449909198664366226379549
【合租】关山 中建康城东区 3室主卧,中建康城东区,1100,http://wh.58.com/pinpaigongyu/32673740267721x.shtml?psid=177449909198664366226379549
【合租】关山 清江山水 3室主卧,清江山水,1300,http://wh.58.com/pinpaigongyu/32673450453047x.shtml?psid=177449909198664366226379549
【合租】东湖高新 谷尚居 3室主卧,谷尚居,1500,http://wh.58.com/pinpaigongyu/32672946417217x.shtml?psid=177449909198664366226379549
【合租】傅家坡 梅苑小区 3室主卧,梅苑小区,1300,http://wh.58.com/pinpaigongyu/32667684718787x.shtml?psid=177449909198664366226379549
【整租】街道口 南国雄楚广场 1室0厅,南国雄楚广场,1400,http://wh.58.com/pinpaigongyu/32560751149119x.shtml?psid=143247342198664366289088645
【合租】珞狮南路 鸿城家园 3室主卧,鸿城家园,1000,http://wh.58.com/pinpaigongyu/32480502980534x.shtml?psid=143247342198664366289088645
【整租】中南路 中南SOHO 1室0厅,中南SOHO,2000,http://wh.58.com/pinpaigongyu/32561642744238x.shtml?psid=143247342198664366289088645
【合租】后湖 融创公园壹号 1室次卧,融创公园壹号,1000,http://wh.58.com/pinpaigongyu/32394812863662x.shtml?psid=143247342198664366289088645
【合租】钟家村 广电兰亭都荟 4室主卧,广电兰亭都荟,1000,http://wh.58.com/pinpaigongyu/32171153939646x.shtml?psid=143247342198664366289088645
【整租】鲁巷 南湖康泰花园海棠 1室1厅,南湖康泰花园海棠,1800,http://wh.58.com/pinpaigongyu/31585720868905x.shtml?psid=143247342198664366289088645
【整租】街道口 南国雄楚广场 1室0厅,南国雄楚广场,1500,http://wh.58.com/pinpaigongyu/32658247749314x.shtml?psid=143247342198664366289088645
【合租】光谷 祥和雅居 3室主卧,祥和雅居,1050,http://wh.58.com/pinpaigongyu/31084633708605x.shtml?psid=143247342198664366289088645
【合租】杨汊湖 福星华府东区 1室次卧,福星华府东区,1000,http://wh.58.com/pinpaigongyu/32394244600262x.shtml?psid=143247342198664366289088645
【合租】杨汊湖 城开汉口秀园 1室次卧,城开汉口秀园,1000,http://wh.58.com/pinpaigongyu/32414671817808x.shtml?psid=143247342198664366289088645
【合租】关山 清江山水 3室主卧,清江山水,1110,http://wh.58.com/pinpaigongyu/32674239832106x.shtml?psid=143247342198664366289088645
【整租】云霄公寓 前进/江汉 前进二路店,前进/江汉,1180-1680,http://wh.58.com/pinpaigongyu/29084779900234x.shtml?psid=143247342198664366289088645
【合租】关山 清江山水 3室主卧,清江山水,1280,http://wh.58.com/pinpaigongyu/32673834322358x.shtml?psid=143247342198664366289088645
【合租】关山 清江山水 3室次卧,清江山水,1100,http://wh.58.com/pinpaigongyu/32673428215349x.shtml?psid=143247342198664366289088645
【合租】东湖高新 谷尚居 3室次卧,谷尚居,1160,http://wh.58.com/pinpaigongyu/32673054896311x.shtml?psid=143247342198664366289088645
【整租】武汉自在遇 徐东 金地自在城店,徐东,1600-1800,http://wh.58.com/pinpaigongyu/32580745328322x.shtml?psid=143247342198664366289088645
【合租】光谷 新域柠檬特区 3室主卧,新域柠檬特区,1200,http://wh.58.com/pinpaigongyu/32667055078070x.shtml?psid=143247342198664366289088645
【合租】光谷 光谷ONE39 3室主卧,光谷ONE39,1000,http://wh.58.com/pinpaigongyu/32666570227628x.shtml?psid=143247342198664366289088645
【合租】鲁巷 金地雄楚一号 3室主卧,金地雄楚一号,1300,http://wh.58.com/pinpaigongyu/32656727796298x.shtml?psid=143247342198664366289088645
【合租】徐东 兴华嘉天下 3室主卧,兴华嘉天下,1200,http://wh.58.com/pinpaigongyu/32677323300810x.shtml?psid=143247342198664366289088645
【合租】钟家村 新长江香榭琴台墨 4室次卧,新长江香榭琴台墨,1000,http://wh.58.com/pinpaigongyu/32492265283394x.shtml?psid=143447329198664366340486994
【整租】广埠屯 天宝嘉苑 1室0厅,天宝嘉苑,1600,http://wh.58.com/pinpaigongyu/31430936581053x.shtml?psid=143447329198664366340486994
【合租】常青 万景橘苑 3室主卧,万景橘苑,1210,http://wh.58.com/pinpaigongyu/32415095928514x.shtml?psid=143447329198664366340486994
【整租】关山 光谷青年城 1室0厅,光谷青年城,1300,http://wh.58.com/pinpaigongyu/32688058647873x.shtml?psid=143447329198664366340486994
【合租】七里庙 汉水尚庭 3室次卧,汉水尚庭,1100,http://wh.58.com/pinpaigongyu/32314931050440x.shtml?psid=143447329198664366340486994
【合租】丁字桥 丽岛2046 3室次卧,丽岛2046,1210,http://wh.58.com/pinpaigongyu/32480842536492x.shtml?psid=143447329198664366340486994
【合租】钟家村 新长江香榭琴台墨 4室次卧,新长江香榭琴台墨,1000,http://wh.58.com/pinpaigongyu/32315767467953x.shtml?psid=143447329198664366340486994
【合租】光谷 三金雄楚天地 4室主卧,三金雄楚天地,1400,http://wh.58.com/pinpaigongyu/31836777377988x.shtml?psid=143447329198664366340486994
【整租】徐东 东湖庭园 1室0厅,东湖庭园,1400,http://wh.58.com/pinpaigongyu/32036228325307x.shtml?psid=143447329198664366340486994
【合租】徐家棚 三角花园 4室主卧,三角花园,1200,http://wh.58.com/pinpaigongyu/32302161816778x.shtml?psid=143447329198664366340486994
【合租】陈家湾 万科锦程 3室主卧,万科锦程,1099,http://wh.58.com/pinpaigongyu/32659462984895x.shtml?psid=143447329198664366340486994
【整租】美滋梦 徐东 东湖庭园,徐东,1700-1800,http://wh.58.com/pinpaigongyu/31795937950507x.shtml?psid=143447329198664366340486994
【合租】陈家湾 金鑫国际 3室主卧,金鑫国际,1299,http://wh.58.com/pinpaigongyu/32658428300224x.shtml?psid=143447329198664366340486994
【合租】广埠屯 南国大家装 3室主卧,南国大家装,1300,http://wh.58.com/pinpaigongyu/32656907259591x.shtml?psid=143447329198664366340486994
【合租】光谷 光谷理想城 3室主卧,光谷理想城,1260,http://wh.58.com/pinpaigongyu/32721800841528x.shtml?psid=143447329198664366340486994
【整租】杰晨城市公寓 新南湖 书城路店,新南湖,1300-1700,http://wh.58.com/pinpaigongyu/32426343668654x.shtml?psid=143447329198664366340486994
【合租】关山 江城雅居 3室主卧,江城雅居,1360,http://wh.58.com/pinpaigongyu/32671796580035x.shtml?psid=143447329198664366340486994
【合租】东湖高新 现代森林小镇 3室次卧,现代森林小镇,1160,http://wh.58.com/pinpaigongyu/32671451452607x.shtml?psid=143447329198664366340486994
【合租】藏龙岛 凤凰新新家园 3室主卧,凤凰新新家园,1300,http://wh.58.com/pinpaigongyu/32674373507130x.shtml?psid=143447329198664366340486994
【合租】丁字桥 百瑞景中央生活区 3室主卧,百瑞景中央生活区,1299,http://wh.58.com/pinpaigongyu/32667902285504x.shtml?psid=143447329198664366340486994
【整租】徐东 东湖庭园 1室1厅,东湖庭园,1700,http://wh.58.com/pinpaigongyu/31106440842554x.shtml?psid=117913852198664366398127587
【整租】街道口 南国雄楚广场 1室0厅,南国雄楚广场,1600,http://wh.58.com/pinpaigongyu/32561321483855x.shtml?psid=117913852198664366398127587
【合租】中北路 水岸星城B区(别 5室主卧,水岸星城B区(别,1500,http://wh.58.com/pinpaigongyu/32691517795535x.shtml?psid=117913852198664366398127587
【合租】杨汊湖 福星华府东区 1室次卧,福星华府东区,1100,http://wh.58.com/pinpaigongyu/32533496755002x.shtml?psid=117913852198664366398127587
【合租】徐东 徐东馨苑 4室主卧,徐东馨苑,1160,http://wh.58.com/pinpaigongyu/32302235428675x.shtml?psid=117913852198664366398127587
【合租】中北路 水岸星城B区(别 5室次卧,水岸星城B区(别,1002,http://wh.58.com/pinpaigongyu/32691755361455x.shtml?psid=117913852198664366398127587
【合租】古田 永利新城北苑 4室次卧,永利新城北苑,1040,http://wh.58.com/pinpaigongyu/32415132603690x.shtml?psid=117913852198664366398127587
【合租】徐家棚 三角花园刘家河A 3室主卧,三角花园刘家河A,1200,http://wh.58.com/pinpaigongyu/32699608273452x.shtml?psid=117913852198664366398127587
【合租】街道口 中建南湖壹号 4室次卧,中建南湖壹号,1200,http://wh.58.com/pinpaigongyu/32247017412788x.shtml?psid=117913852198664366398127587
【合租】徐东 保利城 3室次卧,保利城,1100,http://wh.58.com/pinpaigongyu/32327325617477x.shtml?psid=117913852198664366398127587
【合租】关山 清江山水 3室主卧,清江山水,1200,http://wh.58.com/pinpaigongyu/32673899685953x.shtml?psid=117913852198664366398127587
【整租】优墨公寓 新华路 优墨菱角湖店,新华路,1580-1680,http://wh.58.com/pinpaigongyu/31583620070716x.shtml?psid=117913852198664366398127587
【合租】光谷 华城新都 3室主卧,华城新都,1200,http://wh.58.com/pinpaigongyu/32667230450889x.shtml?psid=117913852198664366398127587
【合租】中华路 粮食局宿舍 3室主卧,粮食局宿舍,1099,http://wh.58.com/pinpaigongyu/32656712591020x.shtml?psid=117913852198664366398127587
【合租】中华路 粮食局宿舍 3室主卧,粮食局宿舍,1199,http://wh.58.com/pinpaigongyu/32656235025976x.shtml?psid=117913852198664366398127587
【整租】魔方公寓（武汉） 吴家山 东西湖店,吴家山,1200-2000,http://wh.58.com/pinpaigongyu/29362851825835x.shtml?psid=117913852198664366398127587
【合租】关山 融科天域 3室次卧,融科天域,1230,http://wh.58.com/pinpaigongyu/32674908293690x.shtml?psid=117913852198664366398127587
【合租】关山 中建康城西区 3室次卧,中建康城西区,1090,http://wh.58.com/pinpaigongyu/32674313796269x.shtml?psid=117913852198664366398127587
【合租】关山 中建康城西区 3室主卧,中建康城西区,1340,http://wh.58.com/pinpaigongyu/32674003351497x.shtml?psid=117913852198664366398127587
【合租】关山 金地格林东郡 3室主卧,金地格林东郡,1140,http://wh.58.com/pinpaigongyu/32674104815813x.shtml?psid=117913852198664366398127587
【合租】徐东 新长江滨江花园 4室次卧,新长江滨江花园,1100,http://wh.58.com/pinpaigongyu/32699330473532x.shtml?psid=148124868198664366451383097
【合租】水果湖 星星新城 4室次卧,星星新城,1050,http://wh.58.com/pinpaigongyu/32168681802425x.shtml?psid=148124868198664366451383097
【合租】百步亭 幸福时代 3室主卧,幸福时代,1110,http://wh.58.com/pinpaigongyu/32171723784255x.shtml?psid=148124868198664366451383097
【合租】光谷 祥和雅居 3室次卧,祥和雅居,1050,http://wh.58.com/pinpaigongyu/31903438698944x.shtml?psid=148124868198664366451383097
【合租】光谷 凌角湖小区 3室次卧,凌角湖小区,1000,http://wh.58.com/pinpaigongyu/31560742318903x.shtml?psid=148124868198664366451383097
【合租】积玉桥 绿地国际金融城 7室次卧,绿地国际金融城,1200,http://wh.58.com/pinpaigongyu/32648918091720x.shtml?psid=148124868198664366451383097
【合租】唐家墩 万达广场住宅小区 4室次卧,万达广场住宅小区,1180,http://wh.58.com/pinpaigongyu/32723462209338x.shtml?psid=148124868198664366451383097
【整租】街道口 京韵花园 1室0厅,京韵花园,1300,http://wh.58.com/pinpaigongyu/32607003214268x.shtml?psid=148124868198664366451383097
【合租】徐东 新长江滨江花园 3室主卧,新长江滨江花园,1100,http://wh.58.com/pinpaigongyu/32699376935486x.shtml?psid=148124868198664366451383097
【整租】街道口 南国雄楚广场 1室0厅,南国雄楚广场,1400,http://wh.58.com/pinpaigongyu/31803278907693x.shtml?psid=148124868198664366451383097
【合租】关山 清江山水 3室次卧,清江山水,1160,http://wh.58.com/pinpaigongyu/32673680986922x.shtml?psid=148124868198664366451383097
【整租】颜值公寓 卓刀泉 可遇公寓虎泉店,卓刀泉,1350-1400,http://wh.58.com/pinpaigongyu/30159287327302x.shtml?psid=148124868198664366451383097
【合租】徐家棚 车站新村 3室主卧,车站新村,1250,http://wh.58.com/pinpaigongyu/32668782841656x.shtml?psid=148124868198664366451383097
【合租】光谷 光谷理想城 3室主卧,光谷理想城,1300,http://wh.58.com/pinpaigongyu/32721628341939x.shtml?psid=148124868198664366451383097
【合租】关山 中建康城西区 3室次卧,中建康城西区,1090,http://wh.58.com/pinpaigongyu/32674132714299x.shtml?psid=148124868198664366451383097
【整租】武汉自在遇 徐东 金地自在城店,徐东,1600-1900,http://wh.58.com/pinpaigongyu/31431172413643x.shtml?psid=148124868198664366451383097
【合租】藏龙岛 凤凰新新家园 3室主卧,凤凰新新家园,1300,http://wh.58.com/pinpaigongyu/32674489822395x.shtml?psid=148124868198664366451383097
【合租】关山 中建康城西区 3室次卧,中建康城西区,1100,http://wh.58.com/pinpaigongyu/32674278358461x.shtml?psid=148124868198664366451383097
【合租】关山 清江山水 3室次卧,清江山水,1100,http://wh.58.com/pinpaigongyu/32673514853945x.shtml?psid=148124868198664366451383097
【合租】关山 清江山水 3室次卧,清江山水,1100,http://wh.58.com/pinpaigongyu/32673400167247x.shtml?psid=148124868198664366451383097
【整租】徐东 东湖庭园 1室1厅,东湖庭园,1700,http://wh.58.com/pinpaigongyu/32588916716983x.shtml?psid=124943179198664366506968644
【整租】街道口 未来公馆 1室0厅,未来公馆,1400,http://wh.58.com/pinpaigongyu/31803298183104x.shtml?psid=124943179198664366506968644
【合租】王家湾 名士华府 4室次卧,名士华府,1000,http://wh.58.com/pinpaigongyu/32168714952242x.shtml?psid=124943179198664366506968644
【合租】王家湾 中大十里新城 4室主卧,中大十里新城,1050,http://wh.58.com/pinpaigongyu/32480813617333x.shtml?psid=124943179198664366506968644
【整租】鲁巷 南湖康泰花园海棠 1室0厅,南湖康泰花园海棠,1600,http://wh.58.com/pinpaigongyu/31450419782204x.shtml?psid=124943179198664366506968644
【合租】珞狮南路 泰然南湖玫瑰湾一 5室主卧,泰然南湖玫瑰湾一,1050,http://wh.58.com/pinpaigongyu/32425266148657x.shtml?psid=124943179198664366506968644
【合租】光谷 金地雄楚一号 4室主卧,金地雄楚一号,1300,http://wh.58.com/pinpaigongyu/31450786066732x.shtml?psid=124943179198664366506968644
【整租】徐东 东湖庭园 1室0厅,东湖庭园,1500,http://wh.58.com/pinpaigongyu/32069299217586x.shtml?psid=124943179198664366506968644
【整租】徐东 东湖庭园 1室0厅,东湖庭园,1300,http://wh.58.com/pinpaigongyu/32447790469302x.shtml?psid=124943179198664366506968644
【整租】徐东 东湖庭园 1室0厅,东湖庭园,1100,http://wh.58.com/pinpaigongyu/31926804436547x.shtml?psid=124943179198664366506968644
【合租】东湖高新 当代国际花园 3室主卧,当代国际花园,1400,http://wh.58.com/pinpaigongyu/32721625645750x.shtml?psid=124943179198664366506968644
【整租】美滋梦 光谷 杨家湾店,光谷,1500-1700,http://wh.58.com/pinpaigongyu/32499772121787x.shtml?psid=124943179198664366506968644
【合租】关山 清江山水 3室主卧,清江山水,1100,http://wh.58.com/pinpaigongyu/32672067029036x.shtml?psid=124943179198664366506968644
【合租】关山 融科天域 3室次卧,融科天域,1330,http://wh.58.com/pinpaigongyu/32674724333515x.shtml?psid=124943179198664366506968644
【合租】藏龙岛 凤凰新新家园 3室次卧,凤凰新新家园,1100,http://wh.58.com/pinpaigongyu/32674592530491x.shtml?psid=124943179198664366506968644
【整租】优墨公寓 前进/江汉 优墨公寓江汉路,前进/江汉,1390-1580,http://wh.58.com/pinpaigongyu/31298231995727x.shtml?psid=124943179198664366506968644
【合租】藏龙岛 当代卡梅尔小镇 3室主卧,当代卡梅尔小镇,1400,http://wh.58.com/pinpaigongyu/32674310020541x.shtml?psid=124943179198664366506968644
【合租】关山 中建康城西区 3室主卧,中建康城西区,1280,http://wh.58.com/pinpaigongyu/32674297402805x.shtml?psid=124943179198664366506968644
【合租】关山 中建康城西区 3室次卧,中建康城西区,1060,http://wh.58.com/pinpaigongyu/32674103278537x.shtml?psid=124943179198664366506968644
【合租】关山 清江山水 3室次卧,清江山水,1110,http://wh.58.com/pinpaigongyu/32673801262665x.shtml?psid=124943179198664366506968644
【合租】百步亭 长投景城汉口年华 4室主卧,长投景城汉口年华,1170,http://wh.58.com/pinpaigongyu/32171301095993x.shtml?psid=190048150198664366571715196
【合租】杨汊湖 中国水电盛世江城 1室主卧,中国水电盛世江城,1200,http://wh.58.com/pinpaigongyu/32512035896894x.shtml?psid=190048150198664366571715196
【合租】积玉桥 绿地国际金融城 7室主卧,绿地国际金融城,1400,http://wh.58.com/pinpaigongyu/32666356629690x.shtml?psid=190048150198664366571715196
【整租】鲁巷 南湖康泰花园海棠 1室0厅,南湖康泰花园海棠,1600,http://wh.58.com/pinpaigongyu/32623377766203x.shtml?psid=190048150198664366571715196
【合租】百步亭 十大家世纪城 4室次卧,十大家世纪城,1230,http://wh.58.com/pinpaigongyu/32115534513079x.shtml?psid=190048150198664366571715196
【合租】杨汊湖 城开汉口秀园 1室次卧,城开汉口秀园,1000,http://wh.58.com/pinpaigongyu/32403492849587x.shtml?psid=190048150198664366571715196
【合租】徐东 新长江滨江花园 3室主卧,新长江滨江花园,1100,http://wh.58.com/pinpaigongyu/32649053740232x.shtml?psid=190048150198664366571715196
【整租】鲁巷 南湖康泰花园海棠 1室0厅,南湖康泰花园海棠,1600,http://wh.58.com/pinpaigongyu/31881152472767x.shtml?psid=190048150198664366571715196
【整租】徐东 东湖庭园 1室0厅,东湖庭园,1100,http://wh.58.com/pinpaigongyu/32101922864052x.shtml?psid=190048150198664366571715196
【合租】鲁巷 三金雄楚天地(商 4室主卧,三金雄楚天地(商,1400,http://wh.58.com/pinpaigongyu/32357018235704x.shtml?psid=190048150198664366571715196
【合租】关山 明珠花园 3室主卧,明珠花园,1100,http://wh.58.com/pinpaigongyu/32661988862274x.shtml?psid=190048150198664366571715196
【整租】杰晨城市公寓 新南湖 书城路店,新南湖,1300-1700,http://wh.58.com/pinpaigongyu/32426297368384x.shtml?psid=190048150198664366571715196
【合租】关山 融科天域 3室主卧,融科天域,1350,http://wh.58.com/pinpaigongyu/32674825147957x.shtml?psid=190048150198664366571715196
【合租】关山 融科天域 3室次卧,融科天域,1100,http://wh.58.com/pinpaigongyu/32674765189959x.shtml?psid=190048150198664366571715196
【合租】藏龙岛 凤凰新新家园 3室主卧,凤凰新新家园,1300,http://wh.58.com/pinpaigongyu/32674457601219x.shtml?psid=190048150198664366571715196
【整租】魔方公寓（武汉） 徐东 东湖店,徐东,1800-3000,http://wh.58.com/pinpaigongyu/30133894393032x.shtml?psid=190048150198664366571715196
【合租】东湖高新 当代国际花园 3室主卧,当代国际花园,1200,http://wh.58.com/pinpaigongyu/32673263201345x.shtml?psid=190048150198664366571715196
【合租】东湖高新 谷尚居 3室主卧,谷尚居,1560,http://wh.58.com/pinpaigongyu/32672969414961x.shtml?psid=190048150198664366571715196
【合租】东湖高新 当代国际花园 3室主卧,当代国际花园,1200,http://wh.58.com/pinpaigongyu/32668317828270x.shtml?psid=190048150198664366571715196
【合租】关山 金地格林东郡 3室主卧,金地格林东郡,1360,http://wh.58.com/pinpaigongyu/32659189364427x.shtml?psid=190048150198664366571715196
【合租】积玉桥 绿地国际金融城 7室主卧,绿地国际金融城,1400,http://wh.58.com/pinpaigongyu/32648952365130x.shtml?psid=128198779198664366621613937
【合租】王家湾 龙阳熙苑 3室主卧,龙阳熙苑,1020,http://wh.58.com/pinpaigongyu/32635104833601x.shtml?psid=128198779198664366621613937
【整租】街道口 南国雄楚广场 1室0厅,南国雄楚广场,1300,http://wh.58.com/pinpaigongyu/31711810060750x.shtml?psid=128198779198664366621613937
【合租】南湖花园 名士1号 3室次卧,名士1号,1010,http://wh.58.com/pinpaigongyu/32248008615480x.shtml?psid=128198779198664366621613937
【合租】宗关 融侨锦江 4室主卧,融侨锦江,1160,http://wh.58.com/pinpaigongyu/32723389477570x.shtml?psid=128198779198664366621613937
【合租】徐东 保利城 4室主卧,保利城,1260,http://wh.58.com/pinpaigongyu/32170560338220x.shtml?psid=128198779198664366621613937
【合租】光谷 华城新都 3室主卧,华城新都,1260,http://wh.58.com/pinpaigongyu/32666878892970x.shtml?psid=128198779198664366621613937
【整租】美滋梦 光谷 杨家湾店,光谷,1400-1600,http://wh.58.com/pinpaigongyu/32492785353649x.shtml?psid=128198779198664366621613937
【合租】东湖高新 金地艺境 3室主卧,金地艺境,1400,http://wh.58.com/pinpaigongyu/32670442922694x.shtml?psid=128198779198664366621613937
【合租】东湖高新 当代国际花园 3室主卧,当代国际花园,1100,http://wh.58.com/pinpaigongyu/32674313041593x.shtml?psid=128198779198664366621613937
【合租】关山 清江山水 3室主卧,清江山水,1130,http://wh.58.com/pinpaigongyu/32674166335045x.shtml?psid=128198779198664366621613937
【整租】杰晨城市公寓 新南湖 书城路店,新南湖,1300-1700,http://wh.58.com/pinpaigongyu/32426301303350x.shtml?psid=128198779198664366621613937
【合租】东湖高新 谷尚居 3室次卧,谷尚居,1200,http://wh.58.com/pinpaigongyu/32673170302664x.shtml?psid=128198779198664366621613937
【合租】关山 清江山水 3室主卧,清江山水,1260,http://wh.58.com/pinpaigongyu/32673289025719x.shtml?psid=128198779198664366621613937
【合租】东湖高新 谷尚居 3室次卧,谷尚居,1160,http://wh.58.com/pinpaigongyu/32673099621806x.shtml?psid=128198779198664366621613937
【合租】光谷 金鑫国际 3室主卧,金鑫国际,1300,http://wh.58.com/pinpaigongyu/32721654487987x.shtml?psid=128198779198664366621613937
【合租】藏龙岛 凤凰新新家园 3室主卧,凤凰新新家园,1400,http://wh.58.com/pinpaigongyu/32721601371833x.shtml?psid=128198779198664366621613937
【合租】关山 融科天域 3室次卧,融科天域,1270,http://wh.58.com/pinpaigongyu/32674587726282x.shtml?psid=128198779198664366621613937
【合租】藏龙岛 凤凰新新家园 3室主卧,凤凰新新家园,1300,http://wh.58.com/pinpaigongyu/32674384907825x.shtml?psid=128198779198664366621613937
【合租】东湖高新 当代国际花园 3室次卧,当代国际花园,1080,http://wh.58.com/pinpaigongyu/32674345538612x.shtml?psid=128198779198664366621613937
【合租】关山 明珠花园 3室主卧,明珠花园,1000,http://wh.58.com/pinpaigongyu/32672234106033x.shtml?psid=101238575198664366706533299
【整租】魔方公寓（武汉） 徐东 东湖店,徐东,1800-3000,http://wh.58.com/pinpaigongyu/30133882286270x.shtml?psid=101238575198664366706533299
【合租】关山 融科天域 3室次卧,融科天域,1220,http://wh.58.com/pinpaigongyu/32674511042474x.shtml?psid=101238575198664366706533299
【合租】流芳 凤凰花园一期 3室主卧,凤凰花园一期,1400,http://wh.58.com/pinpaigongyu/32674293994437x.shtml?psid=101238575198664366706533299
【合租】关山 中建康城西区 3室主卧,中建康城西区,1330,http://wh.58.com/pinpaigongyu/32674178657462x.shtml?psid=101238575198664366706533299
【整租】美滋梦 光谷 创业街店,光谷,1000-1300,http://wh.58.com/pinpaigongyu/31884584822067x.shtml?psid=101238575198664366706533299
【合租】关山 清江山水 3室次卧,清江山水,1100,http://wh.58.com/pinpaigongyu/32673559811755x.shtml?psid=101238575198664366706533299
【合租】光谷 华城新都 3室主卧,华城新都,1100,http://wh.58.com/pinpaigongyu/32666617167303x.shtml?psid=101238575198664366706533299
【合租】光谷 光谷ONE39 3室主卧,光谷ONE39,1000,http://wh.58.com/pinpaigongyu/32666374276807x.shtml?psid=101238575198664366706533299
【合租】东湖高新 现代森林小镇 3室主卧,现代森林小镇,1400,http://wh.58.com/pinpaigongyu/32662544624457x.shtml?psid=101238575198664366706533299
【合租】陈家湾 金鑫国际 3室主卧,金鑫国际,1399,http://wh.58.com/pinpaigongyu/32658654978876x.shtml?psid=101238575198664366706533299
【合租】中华路 粮食局宿舍 3室次卧,粮食局宿舍,1299,http://wh.58.com/pinpaigongyu/32655921755340x.shtml?psid=101238575198664366706533299
【合租】中华路 粮食局宿舍 3室主卧,粮食局宿舍,1199,http://wh.58.com/pinpaigongyu/32655822662319x.shtml?psid=101238575198664366706533299
【合租】光谷 光谷理想城 3室次卧,光谷理想城,1100,http://wh.58.com/pinpaigongyu/32721711224653x.shtml?psid=101238575198664366706533299
【合租】东湖高新 平安光谷春天 3室主卧,平安光谷春天,1300,http://wh.58.com/pinpaigongyu/32670430700734x.shtml?psid=101238575198664366706533299
【合租】关山 江城雅居 3室主卧,江城雅居,1260,http://wh.58.com/pinpaigongyu/32672368132785x.shtml?psid=101238575198664366706533299
【合租】光谷 云顶居 3室主卧,云顶居,1130,http://wh.58.com/pinpaigongyu/32674779385930x.shtml?psid=101238575198664366706533299
【合租】东湖高新 现代森林小镇 3室主卧,现代森林小镇,1070,http://wh.58.com/pinpaigongyu/32674383543083x.shtml?psid=101238575198664366706533299
【合租】关山 清江山水 3室次卧,清江山水,1100,http://wh.58.com/pinpaigongyu/32673773735754x.shtml?psid=101238575198664366706533299
【合租】关山 中建康城西区 3室主卧,中建康城西区,1290,http://wh.58.com/pinpaigongyu/32673863684296x.shtml?psid=101238575198664366706533299
【合租】东湖高新 现代森林小镇 3室次卧,现代森林小镇,1200,http://wh.58.com/pinpaigongyu/32673643727793x.shtml?psid=161523716198664366753790612
【整租】杰晨城市公寓 新南湖 书城路店,新南湖,1400-1700,http://wh.58.com/pinpaigongyu/32426326141902x.shtml?psid=161523716198664366753790612
【合租】光谷 华城新都 3室主卧,华城新都,1100,http://wh.58.com/pinpaigongyu/32666638156992x.shtml?psid=161523716198664366753790612
【合租】光谷 江南家园 3室主卧,江南家园,1300,http://wh.58.com/pinpaigongyu/32671292528815x.shtml?psid=161523716198664366753790612
【合租】关山 融科天域 3室主卧,融科天域,1460,http://wh.58.com/pinpaigongyu/32674701506356x.shtml?psid=161523716198664366753790612
【整租】魔方公寓（武汉） 吴家山 东西湖店,吴家山,1300-2000,http://wh.58.com/pinpaigongyu/28776531070656x.shtml?psid=161523716198664366753790612
【合租】关山 中建康城西区 3室主卧,中建康城西区,1400,http://wh.58.com/pinpaigongyu/32674153172547x.shtml?psid=161523716198664366753790612
【合租】关山 中建康城西区 3室次卧,中建康城西区,1100,http://wh.58.com/pinpaigongyu/32673978954156x.shtml?psid=161523716198664366753790612
【合租】关山 中建康城西区 3室次卧,中建康城西区,1100,http://wh.58.com/pinpaigongyu/32673881822505x.shtml?psid=161523716198664366753790612
【合租】关山 光谷坐标城 3室主卧,光谷坐标城,1000,http://wh.58.com/pinpaigongyu/32673918210601x.shtml?psid=161523716198664366753790612
【合租】关山 清江山水 3室主卧,清江山水,1350,http://wh.58.com/pinpaigongyu/32673815976517x.shtml?psid=161523716198664366753790612
【合租】关山 清江山水 3室主卧,清江山水,1100,http://wh.58.com/pinpaigongyu/32673859693633x.shtml?psid=161523716198664366753790612
【合租】关山 清江山水 3室主卧,清江山水,1260,http://wh.58.com/pinpaigongyu/32673491846445x.shtml?psid=161523716198664366753790612
【合租】关山 清江山水 3室次卧,清江山水,1160,http://wh.58.com/pinpaigongyu/32673313715506x.shtml?psid=161523716198664366753790612
【合租】关山 清江山水 3室主卧,清江山水,1300,http://wh.58.com/pinpaigongyu/32673362147384x.shtml?psid=161523716198664366753790612
【合租】光谷 华城新都 3室主卧,华城新都,1160,http://wh.58.com/pinpaigongyu/32666726013620x.shtml?psid=161523716198664366753790612
【合租】中华路 粮食局宿舍 3室主卧,粮食局宿舍,1199,http://wh.58.com/pinpaigongyu/32656920508752x.shtml?psid=161523716198664366753790612
【合租】光谷 光谷理想城 3室主卧,光谷理想城,1260,http://wh.58.com/pinpaigongyu/32721696695735x.shtml?psid=161523716198664366753790612
【合租】关山 江城雅居 3室主卧,江城雅居,1260,http://wh.58.com/pinpaigongyu/32671884466380x.shtml?psid=161523716198664366753790612
【合租】关山 融科天域 3室次卧,融科天域,1200,http://wh.58.com/pinpaigongyu/32674860156218x.shtml?psid=161523716198664366753790612
【合租】关山 融科天域 3室主卧,融科天域,1350,http://wh.58.com/pinpaigongyu/32674774513211x.shtml?psid=109468953198664366798934757
【整租】美滋梦 光谷 康泰花园店,光谷,1800-1900,http://wh.58.com/pinpaigongyu/31319796315976x.shtml?psid=109468953198664366798934757
【合租】藏龙岛 凤凰新新家园 3室主卧,凤凰新新家园,1300,http://wh.58.com/pinpaigongyu/32674429444663x.shtml?psid=109468953198664366798934757
【合租】东湖高新 现代森林小镇 3室次卧,现代森林小镇,1200,http://wh.58.com/pinpaigongyu/32673620483137x.shtml?psid=109468953198664366798934757
【合租】东湖高新 现代森林小镇 3室次卧,现代森林小镇,1200,http://wh.58.com/pinpaigongyu/32673673632682x.shtml?psid=109468953198664366798934757
【整租】杰晨城市公寓 新南湖 书城路店,新南湖,1300-1600,http://wh.58.com/pinpaigongyu/32426329356606x.shtml?psid=109468953198664366798934757
【合租】东湖高新 万科魅力之城南区 3室主卧,万科魅力之城南区,1400,http://wh.58.com/pinpaigongyu/32721492553800x.shtml?psid=109468953198664366798934757
【合租】关山 关山春晓 3室主卧,关山春晓,1000,http://wh.58.com/pinpaigongyu/32672448019630x.shtml?psid=109468953198664366798934757
【合租】藏龙岛 凤凰新新家园 3室主卧,凤凰新新家园,1300,http://wh.58.com/pinpaigongyu/32674408141643x.shtml?psid=109468953198664366798934757
【合租】关山 融科天域 3室主卧,融科天域,1500,http://wh.58.com/pinpaigongyu/32674526041905x.shtml?psid=109468953198664366798934757
【合租】光谷 光谷理想城 3室主卧,光谷理想城,1110,http://wh.58.com/pinpaigongyu/32674340852142x.shtml?psid=109468953198664366798934757
【合租】关山 中建康城西区 3室主卧,中建康城西区,1230,http://wh.58.com/pinpaigongyu/32674115965745x.shtml?psid=109468953198664366798934757
【合租】关山 中建康城西区 3室主卧,中建康城西区,1340,http://wh.58.com/pinpaigongyu/32674259582770x.shtml?psid=109468953198664366798934757
【合租】关山 清江山水 3室次卧,清江山水,1130,http://wh.58.com/pinpaigongyu/32673844851123x.shtml?psid=109468953198664366798934757
【合租】关山 清江山水 3室主卧,清江山水,1300,http://wh.58.com/pinpaigongyu/32673758313419x.shtml?psid=109468953198664366798934757
【合租】东湖高新 谷尚居 3室次卧,谷尚居,1040,http://wh.58.com/pinpaigongyu/32673115789231x.shtml?psid=109468953198664366798934757
【合租】光谷 光谷理想城 3室主卧,光谷理想城,1360,http://wh.58.com/pinpaigongyu/32721745535412x.shtml?psid=109468953198664366798934757
【合租】徐家棚 西斯莱公馆 3室主卧,西斯莱公馆,1100,http://wh.58.com/pinpaigongyu/32677774744753x.shtml?psid=109468953198664366798934757
【合租】关山 融科天域 3室主卧,融科天域,1450,http://wh.58.com/pinpaigongyu/32674570373052x.shtml?psid=109468953198664366798934757
【合租】关山 融科天域 3室主卧,融科天域,1300,http://wh.58.com/pinpaigongyu/32674632922415x.shtml?psid=109468953198664366798934757
【合租】藏龙岛 凤凰新新家园 3室主卧,凤凰新新家园,1320,http://wh.58.com/pinpaigongyu/32674531979820x.shtml?psid=126909298198664366854790567
【整租】魔方公寓（武汉） 司门口 鲇鱼套店,司门口,1500-2500,http://wh.58.com/pinpaigongyu/29197187989186x.shtml?psid=126909298198664366854790567
【合租】关山 清江山水 3室主卧,清江山水,1290,http://wh.58.com/pinpaigongyu/32673695708859x.shtml?psid=126909298198664366854790567
【合租】关山 清江山水 3室主卧,清江山水,1400,http://wh.58.com/pinpaigongyu/32673662059051x.shtml?psid=126909298198664366854790567
【合租】光谷 江南家园 3室主卧,江南家园,1100,http://wh.58.com/pinpaigongyu/32662015815229x.shtml?psid=126909298198664366854790567
【整租】美滋梦 光谷 康泰花园店,光谷,1650-1700,http://wh.58.com/pinpaigongyu/31242792676416x.shtml?psid=126909298198664366854790567
【合租】东湖高新 现代森林小镇 3室主卧,现代森林小镇,1430,http://wh.58.com/pinpaigongyu/32721417909555x.shtml?psid=126909298198664366854790567
【合租】东湖高新 佛奥俊贤雅居 3室主卧,佛奥俊贤雅居,1330,http://wh.58.com/pinpaigongyu/32721402207300x.shtml?psid=126909298198664366854790567
【合租】关山 金地太阳城 3室主卧,金地太阳城,1130,http://wh.58.com/pinpaigongyu/32674464859966x.shtml?psid=126909298198664366854790567
【合租】流芳 凤凰花园一期 3室主卧,凤凰花园一期,1300,http://wh.58.com/pinpaigongyu/32674283383119x.shtml?psid=126909298198664366854790567
【合租】关山 中建康城西区 3室主卧,中建康城西区,1260,http://wh.58.com/pinpaigongyu/32674059798987x.shtml?psid=126909298198664366854790567
【合租】关山 中建康城西区 3室次卧,中建康城西区,1100,http://wh.58.com/pinpaigongyu/32673940263487x.shtml?psid=126909298198664366854790567
【合租】关山 中建康城西区 3室次卧,中建康城西区,1100,http://wh.58.com/pinpaigongyu/32674040830133x.shtml?psid=126909298198664366854790567
【合租】东湖高新 谷尚居 3室主卧,谷尚居,1400,http://wh.58.com/pinpaigongyu/32673594062772x.shtml?psid=126909298198664366854790567
【合租】东湖高新 现代森林小镇 3室次卧,现代森林小镇,1200,http://wh.58.com/pinpaigongyu/32673630738484x.shtml?psid=126909298198664366854790567
【合租】中华路 粮食局宿舍 3室主卧,粮食局宿舍,1299,http://wh.58.com/pinpaigongyu/32656903794113x.shtml?psid=126909298198664366854790567
【合租】鲁巷 保利花园西区 3室主卧,保利花园西区,1100,http://wh.58.com/pinpaigongyu/32670864016810x.shtml?psid=126909298198664366854790567
【合租】鲁巷 加州阳光 3室主卧,加州阳光,1160,http://wh.58.com/pinpaigongyu/32670892925231x.shtml?psid=126909298198664366854790567
【合租】鲁巷 当代光谷智慧城 3室主卧,当代光谷智慧城,1200,http://wh.58.com/pinpaigongyu/32670672138538x.shtml?psid=126909298198664366854790567
【合租】鲁巷 明珠花园 3室主卧,明珠花园,1100,http://wh.58.com/pinpaigongyu/32670556740670x.shtml?psid=126909298198664366854790567
【合租】东湖高新 当代国际花园 3室主卧,当代国际花园,1200,http://wh.58.com/pinpaigongyu/32671414593066x.shtml?psid=193380812198664366902275209
【整租】杰晨城市公寓 新南湖 书城路店,新南湖,1300-1700,http://wh.58.com/pinpaigongyu/32426309691329x.shtml?psid=193380812198664366902275209
【合租】鲁巷 金地天悦 3室主卧,金地天悦,1230,http://wh.58.com/pinpaigongyu/32671190754488x.shtml?psid=193380812198664366902275209
【合租】鲁巷 当代光谷智慧城 3室主卧,当代光谷智慧城,1190,http://wh.58.com/pinpaigongyu/32671011989053x.shtml?psid=193380812198664366902275209
【合租】光谷 加州阳光 3室主卧,加州阳光,1200,http://wh.58.com/pinpaigongyu/32671733470668x.shtml?psid=193380812198664366902275209
【整租】魔方公寓（武汉） 徐东 东湖店,徐东,1800-3000,http://wh.58.com/pinpaigongyu/30133903750988x.shtml?psid=193380812198664366902275209
【合租】鲁巷 保利花园西区 3室主卧,保利花园西区,1160,http://wh.58.com/pinpaigongyu/32671291841468x.shtml?psid=193380812198664366902275209
【合租】鲁巷 金地中心城东区 3室主卧,金地中心城东区,1160,http://wh.58.com/pinpaigongyu/32671143784005x.shtml?psid=193380812198664366902275209
【合租】东湖高新 当代国际花园 3室主卧,当代国际花园,1200,http://wh.58.com/pinpaigongyu/32668508483916x.shtml?psid=193380812198664366902275209
【合租】徐东 美林青城 3室次卧,美林青城,1000,http://wh.58.com/pinpaigongyu/32661796663603x.shtml?psid=193380812198664366902275209
【合租】徐东 兴华嘉天下 3室主卧,兴华嘉天下,1150,http://wh.58.com/pinpaigongyu/32661001880779x.shtml?psid=193380812198664366902275209
【合租】鲁巷 金地中心城东区 3室主卧,金地中心城东区,1290,http://wh.58.com/pinpaigongyu/32671263692103x.shtml?psid=193380812198664366902275209
【合租】鲁巷 加州阳光 3室主卧,加州阳光,1230,http://wh.58.com/pinpaigongyu/32671085445289x.shtml?psid=193380812198664366902275209
【合租】鲁巷 阳光尚东 3室主卧,阳光尚东,1200,http://wh.58.com/pinpaigongyu/32670808388022x.shtml?psid=193380812198664366902275209
【合租】中南路 中南电力设计院第 3室主卧,中南电力设计院第,1330,http://wh.58.com/pinpaigongyu/32646989274304x.shtml?psid=193380812198664366902275209
【合租】鲁巷 明珠花园 3室主卧,明珠花园,1230,http://wh.58.com/pinpaigongyu/32671305168191x.shtml?psid=193380812198664366902275209
【合租】鲁巷 保利花园西区 3室主卧,保利花园西区,1160,http://wh.58.com/pinpaigongyu/32671057941546x.shtml?psid=193380812198664366902275209
【合租】鲁巷 保利花园西区 3室主卧,保利花园西区,1060,http://wh.58.com/pinpaigongyu/32670908912711x.shtml?psid=193380812198664366902275209
【合租】鲁巷 新域柠檬特区 3室主卧,新域柠檬特区,1200,http://wh.58.com/pinpaigongyu/32670717284944x.shtml?psid=193380812198664366902275209
【合租】鲁巷 保利花园西区 3室主卧,保利花园西区,1200,http://wh.58.com/pinpaigongyu/32670570152503x.shtml?psid=193380812198664366902275209
【合租】鲁巷 当代光谷智慧城 3室主卧,当代光谷智慧城,1100,http://wh.58.com/pinpaigongyu/32670543834048x.shtml?psid=121194291198664366941268701
【整租】杰晨城市公寓 新南湖 书城路店,新南湖,1300-1700,http://wh.58.com/pinpaigongyu/32426303573179x.shtml?psid=121194291198664366941268701
【合租】鲁巷 明珠花园 3室主卧,明珠花园,1100,http://wh.58.com/pinpaigongyu/32670688238791x.shtml?psid=121194291198664366941268701
【合租】鲁巷 金地雄楚一号 3室主卧,金地雄楚一号,1200,http://wh.58.com/pinpaigongyu/32671161054787x.shtml?psid=121194291198664366941268701
【合租】东湖高新 平安光谷春天 3室主卧,平安光谷春天,1100,http://wh.58.com/pinpaigongyu/32671015858348x.shtml?psid=121194291198664366941268701
【整租】魔方公寓（武汉） 中南路 武昌火车站店,中南路,1880-2420,http://wh.58.com/pinpaigongyu/29782536223312x.shtml?psid=121194291198664366941268701
【合租】光谷 米兰映象 3室主卧,米兰映象,1200,http://wh.58.com/pinpaigongyu/32662156358217x.shtml?psid=121194291198664366941268701
【合租】卓刀泉 领秀城 3室主卧,领秀城,1200,http://wh.58.com/pinpaigongyu/32660239251016x.shtml?psid=121194291198664366941268701
【合租】鲁巷 明珠花园 3室主卧,明珠花园,1160,http://wh.58.com/pinpaigongyu/32671041662287x.shtml?psid=121194291198664366941268701
【合租】鲁巷 米兰映象 3室主卧,米兰映象,1160,http://wh.58.com/pinpaigongyu/32670878000707x.shtml?psid=121194291198664366941268701
【合租】鲁巷 当代光谷智慧城 3室主卧,当代光谷智慧城,1190,http://wh.58.com/pinpaigongyu/32670821994554x.shtml?psid=121194291198664366941268701
【合租】光谷 加州阳光 3室主卧,加州阳光,1330,http://wh.58.com/pinpaigongyu/32671666689579x.shtml?psid=121194291198664366941268701
【合租】鲁巷 当代光谷智慧城 3室主卧,当代光谷智慧城,1100,http://wh.58.com/pinpaigongyu/32670701014327x.shtml?psid=121194291198664366941268701
【合租】鲁巷 保利花园西区 3室主卧,保利花园西区,1200,http://wh.58.com/pinpaigongyu/32670596978230x.shtml?psid=121194291198664366941268701
【合租】关山 江城雅居 3室主卧,江城雅居,1110,http://wh.58.com/pinpaigongyu/32671953987132x.shtml?psid=121194291198664366941268701
【合租】积玉桥 友谊国际沙湖苑 3室主卧,友谊国际沙湖苑,1400,http://wh.58.com/pinpaigongyu/32658805356335x.shtml?psid=121194291198664366941268701
【合租】中南路 中建广场 3室主卧,中建广场,1100,http://wh.58.com/pinpaigongyu/32646603962309x.shtml?psid=121194291198664366941268701
【合租】鲁巷 金地中心城东区 3室主卧,金地中心城东区,1100,http://wh.58.com/pinpaigongyu/32671248142389x.shtml?psid=121194291198664366941268701
【合租】鲁巷 当代光谷智慧城 3室主卧,当代光谷智慧城,1190,http://wh.58.com/pinpaigongyu/32671126154166x.shtml?psid=121194291198664366941268701
【合租】鲁巷 明珠花园 3室主卧,明珠花园,1090,http://wh.58.com/pinpaigongyu/32670923269701x.shtml?psid=121194291198664366941268701
【合租】鲁巷 米兰映象 3室主卧,米兰映象,1200,http://wh.58.com/pinpaigongyu/32670795598523x.shtml?psid=156594374198664366986638845
【整租】杰晨城市公寓 新南湖 书城路店,新南湖,1300-1700,http://wh.58.com/pinpaigongyu/32426297877807x.shtml?psid=156594374198664366986638845
【合租】鲁巷 华城新都 3室主卧,华城新都,1200,http://wh.58.com/pinpaigongyu/32670530247081x.shtml?psid=156594374198664366986638845
【合租】光谷 新域柠檬特区 3室主卧,新域柠檬特区,1300,http://wh.58.com/pinpaigongyu/32670921408443x.shtml?psid=156594374198664366986638845
【合租】鲁巷 华城新都 3室主卧,华城新都,1100,http://wh.58.com/pinpaigongyu/32670512383941x.shtml?psid=156594374198664366986638845
【整租】魔方公寓（武汉） 司门口 鲇鱼套店,司门口,1300-1600,http://wh.58.com/pinpaigongyu/29208685719500x.shtml?psid=156594374198664366986638845
【合租】中南路 安顺花园 3室主卧,安顺花园,1200,http://wh.58.com/pinpaigongyu/32646659906242x.shtml?psid=156594374198664366986638845
【合租】鲁巷 明珠花园 3室主卧,明珠花园,1230,http://wh.58.com/pinpaigongyu/32671277744938x.shtml?psid=156594374198664366986638845
【合租】鲁巷 华城新都 3室主卧,华城新都,1190,http://wh.58.com/pinpaigongyu/32670951893549x.shtml?psid=156594374198664366986638845
【合租】鲁巷 金地中心城东区 3室主卧,金地中心城东区,1100,http://wh.58.com/pinpaigongyu/32670783434159x.shtml?psid=156594374198664366986638845
【合租】卓刀泉 保利华都 3室主卧,保利华都,1399,http://wh.58.com/pinpaigongyu/32670748419886x.shtml?psid=156594374198664366986638845
【合租】鲁巷 当代光谷智慧城 3室主卧,当代光谷智慧城,1200,http://wh.58.com/pinpaigongyu/32671232477229x.shtml?psid=156594374198664366986638845
【合租】鲁巷 金地雄楚一号 3室主卧,金地雄楚一号,1200,http://wh.58.com/pinpaigongyu/32667655457333x.shtml?psid=156594374198664366986638845
【合租】鲁巷 金地雄楚一号 3室主卧,金地雄楚一号,1190,http://wh.58.com/pinpaigongyu/32667638553152x.shtml?psid=156594374198664366986638845
【合租】新南湖 保利中央公馆(G 3室主卧,保利中央公馆(G,1250,http://wh.58.com/pinpaigongyu/32657167261758x.shtml?psid=156594374198664366986638845
【合租】积玉桥 水岸国际时代上城 3室主卧,水岸国际时代上城,1100,http://wh.58.com/pinpaigongyu/32661402456250x.shtml?psid=156594374198664366986638845
【合租】中北路 福星惠誉国际城3 3室主卧,福星惠誉国际城3,1235,http://wh.58.com/pinpaigongyu/32634791445057x.shtml?psid=156594374198664366986638845
【合租】鲁巷 宇峰家园 3室主卧,宇峰家园,1230,http://wh.58.com/pinpaigongyu/32672839585207x.shtml?psid=156594374198664366986638845
【合租】关山 清江山水 3室主卧,清江山水,1140,http://wh.58.com/pinpaigongyu/32674666882999x.shtml?psid=156594374198664366986638845
【合租】关山 清江山水 3室主卧,清江山水,1200,http://wh.58.com/pinpaigongyu/32661324616129x.shtml?psid=156594374198664366986638845
【合租】关山 山水华庭 3室主卧,山水华庭,1200,http://wh.58.com/pinpaigongyu/32674739770291x.shtml?psid=116200509198664367040527933
【整租】杰晨城市公寓 新南湖 书城路店,新南湖,1300-1900,http://wh.58.com/pinpaigongyu/32426294082744x.shtml?psid=116200509198664367040527933
【合租】陈家湾 金鑫国际 3室主卧,金鑫国际,1299,http://wh.58.com/pinpaigongyu/32658717844288x.shtml?psid=116200509198664367040527933
【合租】关山 金地中心城西区 3室主卧,金地中心城西区,1100,http://wh.58.com/pinpaigongyu/32667007639609x.shtml?psid=116200509198664367040527933
【合租】关山 清江山水 3室主卧,清江山水,1200,http://wh.58.com/pinpaigongyu/32661300410026x.shtml?psid=116200509198664367040527933
【整租】杰晨城市公寓 新南湖 书城路店,新南湖,1300-1700,http://wh.58.com/pinpaigongyu/32426294267949x.shtml?psid=116200509198664367040527933
【合租】鲁巷 华城新都 3室主卧,华城新都,1100,http://wh.58.com/pinpaigongyu/32721383507139x.shtml?psid=116200509198664367040527933
【合租】鲁巷 东湖阳光 3室主卧,东湖阳光,1190,http://wh.58.com/pinpaigongyu/32673286502082x.shtml?psid=116200509198664367040527933
【合租】光谷 金地中心城东区 3室主卧,金地中心城东区,1160,http://wh.58.com/pinpaigongyu/32666982263338x.shtml?psid=116200509198664367040527933
【合租】陈家湾 万科锦程 3室主卧,万科锦程,1099,http://wh.58.com/pinpaigongyu/32658966841295x.shtml?psid=116200509198664367040527933
【合租】白沙洲 佳兆业金域天下 3室主卧,佳兆业金域天下,1450,http://wh.58.com/pinpaigongyu/32669342981070x.shtml?psid=116200509198664367040527933
【合租】徐东 武铁佳苑 3室主卧,武铁佳苑,1200,http://wh.58.com/pinpaigongyu/32678041943875x.shtml?psid=116200509198664367040527933
【合租】徐东 蓝晶绿洲 3室主卧,蓝晶绿洲,1000,http://wh.58.com/pinpaigongyu/32677893802950x.shtml?psid=116200509198664367040527933
【合租】东湖高新 当代国际花园 3室主卧,当代国际花园,1060,http://wh.58.com/pinpaigongyu/32674080307634x.shtml?psid=116200509198664367040527933
【合租】东湖高新 平安光谷春天 3室主卧,平安光谷春天,1030,http://wh.58.com/pinpaigongyu/32673819741495x.shtml?psid=116200509198664367040527933
【合租】余家头 锦绣家园 3室主卧,锦绣家园,1150,http://wh.58.com/pinpaigongyu/32666916643405x.shtml?psid=116200509198664367040527933
【合租】前川 虹景公寓 3室主卧,【合租】前川,1100,http://wh.58.com/pinpaigongyu/32661359950255x.shtml?psid=116200509198664367040527933
【合租】光谷 华城新都 3室主卧,华城新都,1200,http://wh.58.com/pinpaigongyu/32721725782954x.shtml?psid=116200509198664367040527933
【合租】小东门 育才嘉苑 3室主卧,育才嘉苑,1390,http://wh.58.com/pinpaigongyu/32681995991722x.shtml?psid=116200509198664367040527933
【合租】徐东 武铁佳苑 3室主卧,武铁佳苑,1000,http://wh.58.com/pinpaigongyu/32678721989944x.shtml?psid=116200509198664367040527933
【合租】徐家棚 西斯莱公馆 3室主卧,西斯莱公馆,1200,http://wh.58.com/pinpaigongyu/32677794058184x.shtml?psid=115814498198664367084863993
【整租】杰晨城市公寓 新南湖 书城路店,新南湖,1380-1600,http://wh.58.com/pinpaigongyu/32426330698831x.shtml?psid=115814498198664367084863993
【合租】徐家棚 西斯莱公馆 3室主卧,西斯莱公馆,1100,http://wh.58.com/pinpaigongyu/32677601936938x.shtml?psid=115814498198664367084863993
【合租】光谷 当代花园雅典苑 3室主卧,当代花园雅典苑,1270,http://wh.58.com/pinpaigongyu/32674746411085x.shtml?psid=115814498198664367084863993
【合租】光谷 当代花园雅典苑 3室主卧,当代花园雅典苑,1210,http://wh.58.com/pinpaigongyu/32674829632565x.shtml?psid=115814498198664367084863993
【整租】杰晨城市公寓 新南湖 书城路店,新南湖,1300-1700,http://wh.58.com/pinpaigongyu/32426327252304x.shtml?psid=115814498198664367084863993
【合租】东湖高新 当代国际花园 3室主卧,当代国际花园,1080,http://wh.58.com/pinpaigongyu/32673805054016x.shtml?psid=115814498198664367084863993
【合租】关山 明珠花园 3室主卧,明珠花园,1270,http://wh.58.com/pinpaigongyu/32670351352881x.shtml?psid=115814498198664367084863993
【合租】光谷 当代花园雅典苑 3室主卧,当代花园雅典苑,1150,http://wh.58.com/pinpaigongyu/32674760292667x.shtml?psid=115814498198664367084863993
【合租】东湖高新 佛奥俊贤雅居 3室主卧,佛奥俊贤雅居,1100,http://wh.58.com/pinpaigongyu/32674423154256x.shtml?psid=115814498198664367084863993
【合租】东湖高新 现代森林小镇 3室主卧,现代森林小镇,1080,http://wh.58.com/pinpaigongyu/32674181669454x.shtml?psid=115814498198664367084863993
【合租】东湖高新 佛奥俊贤雅居 3室主卧,佛奥俊贤雅居,1100,http://wh.58.com/pinpaigongyu/32674010625356x.shtml?psid=115814498198664367084863993
【合租】光谷 保利花园西区 3室主卧,保利花园西区,1300,http://wh.58.com/pinpaigongyu/32662279173069x.shtml?psid=115814498198664367084863993
【合租】光谷 华城新都 3室主卧,华城新都,1290,http://wh.58.com/pinpaigongyu/32662334001460x.shtml?psid=115814498198664367084863993
【合租】徐家棚 西斯莱公馆 3室主卧,西斯莱公馆,1200,http://wh.58.com/pinpaigongyu/32677647202744x.shtml?psid=115814498198664367084863993
【合租】徐家棚 西斯莱公馆 3室主卧,西斯莱公馆,1200,http://wh.58.com/pinpaigongyu/32677578198061x.shtml?psid=115814498198664367084863993
【合租】徐东 兴华嘉天下 3室主卧,兴华嘉天下,1000,http://wh.58.com/pinpaigongyu/32677413094837x.shtml?psid=115814498198664367084863993
【合租】光谷 当代花园雅典苑 3室主卧,当代花园雅典苑,1250,http://wh.58.com/pinpaigongyu/32673171257275x.shtml?psid=115814498198664367084863993
【合租】徐家棚 车站新村 3室主卧,车站新村,1300,http://wh.58.com/pinpaigongyu/32668871560912x.shtml?psid=115814498198664367084863993
【合租】光谷 加州阳光 3室主卧,加州阳光,1200,http://wh.58.com/pinpaigongyu/32672031542599x.shtml?psid=115814498198664367084863993
【合租】小东门 金沙城公寓 3室主卧,【合租】小东门,1400,http://wh.58.com/pinpaigongyu/32681763242933x.shtml?psid=108752493198664367137809559
【整租】杰晨城市公寓 新南湖 书城路店,新南湖,1300-1400,http://wh.58.com/pinpaigongyu/32426290088260x.shtml?psid=108752493198664367137809559
【合租】徐东 徐东馨苑 3室主卧,徐东馨苑,1200,http://wh.58.com/pinpaigongyu/32678818670894x.shtml?psid=108752493198664367137809559
【合租】徐家棚 西斯莱公馆 3室主卧,西斯莱公馆,1200,http://wh.58.com/pinpaigongyu/32677678017458x.shtml?psid=108752493198664367137809559
【合租】光谷 当代花园雅典苑 3室主卧,当代花园雅典苑,1200,http://wh.58.com/pinpaigongyu/32674827564354x.shtml?psid=108752493198664367137809559
【整租】杰晨城市公寓 新南湖 书城路店,新南湖,1350-1400,http://wh.58.com/pinpaigongyu/32426306791878x.shtml?psid=108752493198664367137809559
【合租】光谷 米兰映象 3室主卧,米兰映象,1250,http://wh.58.com/pinpaigongyu/32672737345223x.shtml?psid=108752493198664367137809559
【合租】徐东 佳馨花园2期 3室主卧,佳馨花园2期,1150,http://wh.58.com/pinpaigongyu/32679887674926x.shtml?psid=108752493198664367137809559
【合租】东湖高新 平安光谷春天 3室主卧,平安光谷春天,1100,http://wh.58.com/pinpaigongyu/32673397926478x.shtml?psid=108752493198664367137809559
【合租】徐家棚 车站新村 3室主卧,车站新村,1300,http://wh.58.com/pinpaigongyu/32668890109510x.shtml?psid=108752493198664367137809559
【合租】中南路 鹏程时代 3室主卧,鹏程时代,1320,http://wh.58.com/pinpaigongyu/32666672464072x.shtml?psid=108752493198664367137809559
【合租】光谷 当代花园雅典苑 3室主卧,当代花园雅典苑,1290,http://wh.58.com/pinpaigongyu/32673059487541x.shtml?psid=108752493198664367137809559
【合租】徐东 兴华嘉天下 3室主卧,兴华嘉天下,1250,http://wh.58.com/pinpaigongyu/32677447492413x.shtml?psid=108752493198664367137809559
【合租】光谷 当代花园雅典苑 3室主卧,当代花园雅典苑,1230,http://wh.58.com/pinpaigongyu/32674654536638x.shtml?psid=108752493198664367137809559
【合租】小东门 紫荆花苑 3室主卧,紫荆花苑,1450,http://wh.58.com/pinpaigongyu/32681904518062x.shtml?psid=108752493198664367137809559
【合租】东湖高新 当代国际花园 3室主卧,当代国际花园,1230,http://wh.58.com/pinpaigongyu/32674044161199x.shtml?psid=108752493198664367137809559
【合租】东湖高新 平安光谷春天 3室主卧,平安光谷春天,1050,http://wh.58.com/pinpaigongyu/32673427290689x.shtml?psid=108752493198664367137809559
【合租】光谷 当代花园雅典苑 3室主卧,当代花园雅典苑,1250,http://wh.58.com/pinpaigongyu/32673231208911x.shtml?psid=108752493198664367137809559
【合租】光谷 华城新都 3室主卧,华城新都,1300,http://wh.58.com/pinpaigongyu/32662372203592x.shtml?psid=108752493198664367137809559
【合租】街道口 未来城 3室主卧,未来城,1520,http://wh.58.com/pinpaigongyu/32659508627380x.shtml?psid=108752493198664367137809559
【合租】徐东 东原时光道 3室主卧,东原时光道,1100,http://wh.58.com/pinpaigongyu/32679921388461x.shtml?psid=130503882198664367181269080
【整租】杰晨城市公寓 新南湖 书城路店,新南湖,1250-1350,http://wh.58.com/pinpaigongyu/32426318139964x.shtml?psid=130503882198664367181269080
【合租】东湖高新 平安光谷春天 3室主卧,平安光谷春天,1260,http://wh.58.com/pinpaigongyu/32674337249096x.shtml?psid=130503882198664367181269080
【合租】东湖高新 当代国际花园 3室主卧,当代国际花园,1040,http://wh.58.com/pinpaigongyu/32673510487618x.shtml?psid=130503882198664367181269080
【合租】光谷 当代花园雅典苑 3室主卧,当代花园雅典苑,1300,http://wh.58.com/pinpaigongyu/32673253603373x.shtml?psid=130503882198664367181269080
【整租】杰晨城市公寓 珞狮南路 杰晨公寓美寓店,珞狮南路,1300-1900,http://wh.58.com/pinpaigongyu/32426272761671x.shtml?psid=130503882198664367181269080
【合租】东湖高新 万科魅力之城南区 3室主卧,万科魅力之城南区,1090,http://wh.58.com/pinpaigongyu/32673835704769x.shtml?psid=130503882198664367181269080
【合租】东湖高新 当代国际花园 3室主卧,当代国际花园,1070,http://wh.58.com/pinpaigongyu/32673525667404x.shtml?psid=130503882198664367181269080
【合租】光谷 米兰映象 3室主卧,米兰映象,1250,http://wh.58.com/pinpaigongyu/32672900236716x.shtml?psid=130503882198664367181269080
【合租】中南路 中南一路建材宿舍 3室主卧,中南一路建材宿舍,1429,http://wh.58.com/pinpaigongyu/32666586257228x.shtml?psid=130503882198664367181269080
【合租】光谷 华城新都 3室主卧,华城新都,1300,http://wh.58.com/pinpaigongyu/32721743653802x.shtml?psid=130503882198664367181269080
【合租】徐东 鹏程花园 3室主卧,鹏程花园,1100,http://wh.58.com/pinpaigongyu/32678296906679x.shtml?psid=130503882198664367181269080
【合租】徐东 徐东馨苑 3室主卧,徐东馨苑,1300,http://wh.58.com/pinpaigongyu/32677517395134x.shtml?psid=130503882198664367181269080
【合租】光谷 云顶居 3室主卧,云顶居,1310,http://wh.58.com/pinpaigongyu/32674899504577x.shtml?psid=130503882198664367181269080
【合租】东湖高新 当代国际花园 3室主卧,当代国际花园,1230,http://wh.58.com/pinpaigongyu/32673558544462x.shtml?psid=130503882198664367181269080
【合租】光谷 当代花园雅典苑 3室主卧,当代花园雅典苑,1270,http://wh.58.com/pinpaigongyu/32673105545898x.shtml?psid=130503882198664367181269080
【合租】中南路 七医院宿舍 3室主卧,七医院宿舍,1600,http://wh.58.com/pinpaigongyu/32667789603141x.shtml?psid=130503882198664367181269080
【合租】徐东 蓝晶绿洲 3室主卧,蓝晶绿洲,1250,http://wh.58.com/pinpaigongyu/32662359846187x.shtml?psid=130503882198664367181269080
【合租】光谷 金地中心城东区 3室主卧,金地中心城东区,1300,http://wh.58.com/pinpaigongyu/32662092479661x.shtml?psid=130503882198664367181269080
【合租】光谷 加州阳光 3室主卧,加州阳光,1250,http://wh.58.com/pinpaigongyu/32672014073284x.shtml?psid=130503882198664367181269080
【合租】徐东 武铁佳苑 3室主卧,武铁佳苑,1000,http://wh.58.com/pinpaigongyu/32678389882441x.shtml?psid=102274339198664367228886845
【整租】杰晨城市公寓 珞狮南路 杰晨公寓美寓店,珞狮南路,1300-1700,http://wh.58.com/pinpaigongyu/32426316062761x.shtml?psid=102274339198664367228886845
【合租】东湖高新 当代国际花园 3室主卧,当代国际花园,1090,http://wh.58.com/pinpaigongyu/32674168851643x.shtml?psid=102274339198664367228886845
【合租】东湖高新 现代森林小镇 3室主卧,现代森林小镇,1200,http://wh.58.com/pinpaigongyu/32674094258127x.shtml?psid=102274339198664367228886845
【合租】光谷 当代花园雅典苑 3室主卧,当代花园雅典苑,1200,http://wh.58.com/pinpaigongyu/32673125933245x.shtml?psid=102274339198664367228886845
【整租】杰晨城市公寓 江汉大学 杰晨官湖景珠,江汉大学,1280-1320,http://wh.58.com/pinpaigongyu/32138716831691x.shtml?psid=102274339198664367228886845
【合租】徐东 兴华嘉天下 3室主卧,兴华嘉天下,1000,http://wh.58.com/pinpaigongyu/32661132420800x.shtml?psid=102274339198664367228886845
【合租】中南路 中南路街民主路小 3室主卧,中南路街民主路小,1365,http://wh.58.com/pinpaigongyu/32647022311083x.shtml?psid=102274339198664367228886845
【合租】徐东 金地自在城(东区 3室主卧,金地自在城(东区,1100,http://wh.58.com/pinpaigongyu/32678605126570x.shtml?psid=102274339198664367228886845
【合租】藏龙岛 当代卡梅尔小镇 3室主卧,当代卡梅尔小镇,1200,http://wh.58.com/pinpaigongyu/32674222092209x.shtml?psid=102274339198664367228886845
【合租】东湖高新 平安光谷春天 3室主卧,平安光谷春天,1000,http://wh.58.com/pinpaigongyu/32674113383609x.shtml?psid=102274339198664367228886845
【合租】东湖高新 当代国际花园 3室主卧,当代国际花园,1090,http://wh.58.com/pinpaigongyu/32673939972290x.shtml?psid=102274339198664367228886845
【合租】东湖高新 平安光谷春天 3室主卧,平安光谷春天,1080,http://wh.58.com/pinpaigongyu/32673441669940x.shtml?psid=102274339198664367228886845
【合租】积玉桥 凤凰世纪家园 3室主卧,凤凰世纪家园,1350,http://wh.58.com/pinpaigongyu/32659267189547x.shtml?psid=102274339198664367228886845
【合租】东湖高新 当代国际花园 3室主卧,当代国际花园,1230,http://wh.58.com/pinpaigongyu/32671904318387x.shtml?psid=102274339198664367228886845
【合租】光谷 当代花园雅典苑 3室主卧,当代花园雅典苑,1280,http://wh.58.com/pinpaigongyu/32674771829814x.shtml?psid=102274339198664367228886845
【合租】东湖高新 当代国际花园 3室主卧,当代国际花园,1090,http://wh.58.com/pinpaigongyu/32673463972531x.shtml?psid=102274339198664367228886845
【合租】光谷 米兰映象 3室主卧,米兰映象,1300,http://wh.58.com/pinpaigongyu/32670763753926x.shtml?psid=102274339198664367228886845
【合租】徐东 佳馨花园 3室主卧,佳馨花园,1200,http://wh.58.com/pinpaigongyu/32679811036363x.shtml?psid=102274339198664367228886845
【合租】光谷 当代花园雅典苑 3室主卧,当代花园雅典苑,1180,http://wh.58.com/pinpaigongyu/32674781719993x.shtml?psid=102274339198664367228886845
【合租】光谷 当代花园雅典苑 3室主卧,当代花园雅典苑,1210,http://wh.58.com/pinpaigongyu/32674650073388x.shtml?psid=160962721198664367270456128
【整租】杰晨城市公寓 江汉大学 杰晨官湖景珠,江汉大学,1250-1300,http://wh.58.com/pinpaigongyu/32138722334415x.shtml?psid=160962721198664367270456128
【合租】光谷 当代花园雅典苑 3室主卧,当代花园雅典苑,1210,http://wh.58.com/pinpaigongyu/32672994352196x.shtml?psid=160962721198664367270456128
【合租】光谷 当代花园雅典苑 3室主卧,当代花园雅典苑,1230,http://wh.58.com/pinpaigongyu/32672936344016x.shtml?psid=160962721198664367270456128
【合租】徐家棚 船校村 3室主卧,船校村,1280,http://wh.58.com/pinpaigongyu/32670926384692x.shtml?psid=160962721198664367270456128
【整租】杰晨城市公寓 江汉大学 杰晨官湖景珠,江汉大学,1260-1315,http://wh.58.com/pinpaigongyu/32138709414351x.shtml?psid=160962721198664367270456128
【合租】徐东 兴华嘉天下 3室主卧,兴华嘉天下,1100,http://wh.58.com/pinpaigongyu/32677353823182x.shtml?psid=160962721198664367270456128
【合租】东湖高新 当代国际花园 3室主卧,当代国际花园,1090,http://wh.58.com/pinpaigongyu/32674407781325x.shtml?psid=160962721198664367270456128
【合租】东湖高新 平安光谷春天 3室主卧,平安光谷春天,1000,http://wh.58.com/pinpaigongyu/32674131147843x.shtml?psid=160962721198664367270456128
【合租】徐东 金地自在城(东区 3室主卧,金地自在城(东区,1100,http://wh.58.com/pinpaigongyu/32678484674867x.shtml?psid=160962721198664367270456128
【合租】光谷 云顶居 3室主卧,云顶居,1400,http://wh.58.com/pinpaigongyu/32674883663037x.shtml?psid=160962721198664367270456128
【合租】徐东 兴华嘉天下 3室主卧,兴华嘉天下,1000,http://wh.58.com/pinpaigongyu/32677340063544x.shtml?psid=160962721198664367270456128
【合租】光谷 当代花园雅典苑 3室主卧,当代花园雅典苑,1310,http://wh.58.com/pinpaigongyu/32674711727814x.shtml?psid=160962721198664367270456128
【合租】光谷 当代花园雅典苑 3室主卧,当代花园雅典苑,1300,http://wh.58.com/pinpaigongyu/32673192571590x.shtml?psid=160962721198664367270456128
【合租】光谷 当代花园雅典苑 3室主卧,当代花园雅典苑,1250,http://wh.58.com/pinpaigongyu/32673039883333x.shtml?psid=160962721198664367270456128
【合租】光谷 米兰映象 3室主卧,米兰映象,1250,http://wh.58.com/pinpaigongyu/32672650532266x.shtml?psid=160962721198664367270456128
【合租】徐东 美林青城 3室主卧,美林青城,1400,http://wh.58.com/pinpaigongyu/32661889958574x.shtml?psid=160962721198664367270456128
【合租】光谷 华城新都 3室主卧,华城新都,1300,http://wh.58.com/pinpaigongyu/32721773882178x.shtml?psid=160962721198664367270456128
【合租】东湖高新 当代国际花园 3室主卧,当代国际花园,1300,http://wh.58.com/pinpaigongyu/32672140294582x.shtml?psid=160962721198664367270456128
【合租】光谷 当代花园雅典苑 3室主卧,当代花园雅典苑,1270,http://wh.58.com/pinpaigongyu/32672966343595x.shtml?psid=160962721198664367270456128
【合租】光谷 当代花园雅典苑 3室主卧,当代花园雅典苑,1200,http://wh.58.com/pinpaigongyu/32672977676344x.shtml?psid=173438738198664367312851114
【整租】杰晨城市公寓 江汉大学 杰晨官湖景珠,江汉大学,1255-1305,http://wh.58.com/pinpaigongyu/32138710947519x.shtml?psid=173438738198664367312851114
【合租】徐东 东原时光道 3室主卧,东原时光道,1200,http://wh.58.com/pinpaigongyu/32680186755779x.shtml?psid=173438738198664367312851114
【合租】徐东 橡树湾 3室主卧,橡树湾,1000,http://wh.58.com/pinpaigongyu/32679597417415x.shtml?psid=173438738198664367312851114
【合租】徐东 鹏程花园 3室主卧,鹏程花园,1000,http://wh.58.com/pinpaigongyu/32678377614378x.shtml?psid=173438738198664367312851114
【整租】杰晨城市公寓 珞狮南路 杰晨公寓美寓店,珞狮南路,1300-1900,http://wh.58.com/pinpaigongyu/32426279412175x.shtml?psid=173438738198664367312851114
【合租】光谷 当代花园雅典苑 3室主卧,当代花园雅典苑,1380,http://wh.58.com/pinpaigongyu/32674734346047x.shtml?psid=173438738198664367312851114
【合租】东湖高新 当代国际花园 3室主卧,当代国际花园,1080,http://wh.58.com/pinpaigongyu/32673903419564x.shtml?psid=173438738198664367312851114
【合租】东湖高新 当代国际花园 3室主卧,当代国际花园,1055,http://wh.58.com/pinpaigongyu/32673482043840x.shtml?psid=173438738198664367312851114
【合租】徐东 兴华嘉天下 3室主卧,兴华嘉天下,1100,http://wh.58.com/pinpaigongyu/32677859333176x.shtml?psid=173438738198664367312851114
【合租】徐东 武铁佳苑 3室主卧,武铁佳苑,1000,http://wh.58.com/pinpaigongyu/32678113441599x.shtml?psid=173438738198664367312851114
【合租】徐家棚 西斯莱公馆 3室主卧,西斯莱公馆,1400,http://wh.58.com/pinpaigongyu/32677555754676x.shtml?psid=173438738198664367312851114
【合租】光谷 当代花园雅典苑 3室主卧,当代花园雅典苑,1230,http://wh.58.com/pinpaigongyu/32674625789109x.shtml?psid=173438738198664367312851114
【合租】东湖高新 现代森林小镇 3室主卧,现代森林小镇,1060,http://wh.58.com/pinpaigongyu/32674283947213x.shtml?psid=173438738198664367312851114
【合租】中南路 水果湖长城嘉苑 3室主卧,水果湖长城嘉苑,1390,http://wh.58.com/pinpaigongyu/32666696634671x.shtml?psid=173438738198664367312851114
【合租】光谷 加州阳光 3室主卧,加州阳光,1300,http://wh.58.com/pinpaigongyu/32670809365691x.shtml?psid=173438738198664367312851114
【合租】中南路 嘉园大厦 3室主卧,嘉园大厦,1560,http://wh.58.com/pinpaigongyu/32668055821767x.shtml?psid=173438738198664367312851114
【合租】徐东 佳馨花园2期 3室主卧,佳馨花园2期,1100,http://wh.58.com/pinpaigongyu/32679871929678x.shtml?psid=173438738198664367312851114
【合租】徐东 橡树湾 3室主卧,橡树湾,1000,http://wh.58.com/pinpaigongyu/32679575533757x.shtml?psid=173438738198664367312851114
【合租】徐东 徐东馨苑 3室主卧,徐东馨苑,1250,http://wh.58.com/pinpaigongyu/32677534791874x.shtml?psid=173438738198664367312851114
【合租】徐东 徐东馨苑 3室主卧,徐东馨苑,1300,http://wh.58.com/pinpaigongyu/32677478502197x.shtml?psid=172392702198664367350073440
【整租】杰晨城市公寓 珞狮南路 杰晨公寓美寓店,珞狮南路,1280-1680,http://wh.58.com/pinpaigongyu/32426247832143x.shtml?psid=172392702198664367350073440
【合租】东湖高新 当代国际花园 3室主卧,当代国际花园,1060,http://wh.58.com/pinpaigongyu/32674150655286x.shtml?psid=172392702198664367350073440
【合租】东湖高新 当代国际花园 3室主卧,当代国际花园,1200,http://wh.58.com/pinpaigongyu/32673956471233x.shtml?psid=172392702198664367350073440
【合租】中南路 国家审计署驻汉办 3室主卧,国家审计署驻汉办,1350,http://wh.58.com/pinpaigongyu/32666863230897x.shtml?psid=172392702198664367350073440
【整租】杰晨城市公寓 新南湖 书城路店,新南湖,1300-1700,http://wh.58.com/pinpaigongyu/31352875030833x.shtml?psid=172392702198664367350073440
【合租】东湖高新 现代森林小镇 3室主卧,现代森林小镇,1100,http://wh.58.com/pinpaigongyu/32671593199537x.shtml?psid=172392702198664367350073440
【合租】徐东 美林青城 3室主卧,美林青城,1000,http://wh.58.com/pinpaigongyu/32678202017084x.shtml?psid=172392702198664367350073440
【合租】徐东 徐东馨苑 3室主卧,徐东馨苑,1100,http://wh.58.com/pinpaigongyu/32678020093256x.shtml?psid=172392702198664367350073440
【合租】徐家棚 西斯莱公馆 3室主卧,西斯莱公馆,1200,http://wh.58.com/pinpaigongyu/32677741638731x.shtml?psid=172392702198664367350073440
【合租】光谷 云顶居 3室主卧,云顶居,1200,http://wh.58.com/pinpaigongyu/32674866529710x.shtml?psid=172392702198664367350073440
【合租】东湖高新 当代国际花园 3室主卧,当代国际花园,1000,http://wh.58.com/pinpaigongyu/32673865222835x.shtml?psid=172392702198664367350073440
【合租】东湖高新 平安光谷春天 3室主卧,平安光谷春天,1080,http://wh.58.com/pinpaigongyu/32673410411313x.shtml?psid=172392702198664367350073440
【合租】徐家棚 水运宿舍 3室主卧,水运宿舍,1240,http://wh.58.com/pinpaigongyu/32668795257028x.shtml?psid=172392702198664367350073440
【合租】光谷 保利花园西区 3室主卧,保利花园西区,1300,http://wh.58.com/pinpaigongyu/32662316509381x.shtml?psid=172392702198664367350073440
【合租】徐东 东原时光道 3室主卧,东原时光道,1000,http://wh.58.com/pinpaigongyu/32679945707575x.shtml?psid=172392702198664367350073440
【合租】徐东 佳馨花园2期 3室主卧,佳馨花园2期,1100,http://wh.58.com/pinpaigongyu/32677956309429x.shtml?psid=172392702198664367350073440
【合租】徐东 保利城 3室主卧,保利城,1090,http://wh.58.com/pinpaigongyu/32677981969848x.shtml?psid=172392702198664367350073440
【合租】东湖高新 当代国际花园 3室主卧,当代国际花园,1100,http://wh.58.com/pinpaigongyu/32673973763756x.shtml?psid=172392702198664367350073440
【合租】中南路 邮电干校宿舍小区 3室主卧,邮电干校宿舍小区,1260,http://wh.58.com/pinpaigongyu/32666815048371x.shtml?psid=172392702198664367350073440
【合租】关山 山水华庭 3室主卧,山水华庭,1100,http://wh.58.com/pinpaigongyu/32672105354177x.shtml?psid=135130983198664367394531974
【整租】杰晨城市公寓 新南湖 书城路店,新南湖,1300-1500,http://wh.58.com/pinpaigongyu/31353062826923x.shtml?psid=135130983198664367394531974
【合租】关山 阳光尚东 3室主卧,阳光尚东,1100,http://wh.58.com/pinpaigongyu/32672056326074x.shtml?psid=135130983198664367394531974
【合租】关山 清江山水 3室主卧,清江山水,1400,http://wh.58.com/pinpaigongyu/32671088682921x.shtml?psid=135130983198664367394531974
【合租】关山 江城雅居 3室主卧,江城雅居,1300,http://wh.58.com/pinpaigongyu/32671014988087x.shtml?psid=135130983198664367394531974
【整租】杰晨城市公寓 江汉大学 杰晨官湖景珠,江汉大学,1270-1310,http://wh.58.com/pinpaigongyu/32138718324527x.shtml?psid=135130983198664367394531974
【合租】卓刀泉 保利拉菲 3室主卧,保利拉菲,1199,http://wh.58.com/pinpaigongyu/32669758110027x.shtml?psid=135130983198664367394531974
【合租】首义路 首义小区(张之洞 3室主卧,首义小区(张之洞,1100,http://wh.58.com/pinpaigongyu/32670141691445x.shtml?psid=135130983198664367394531974
【合租】丁字桥 百瑞景中央生活区 3室主卧,百瑞景中央生活区,1299,http://wh.58.com/pinpaigongyu/32669334084544x.shtml?psid=135130983198664367394531974
【合租】东湖高新 佛奥俊贤雅居 3室主卧,佛奥俊贤雅居,1100,http://wh.58.com/pinpaigongyu/32668764448442x.shtml?psid=135130983198664367394531974
【合租】徐家棚 西斯莱公馆 3室主卧,西斯莱公馆,1300,http://wh.58.com/pinpaigongyu/32668716224298x.shtml?psid=135130983198664367394531974
【合租】东湖高新 现代森林小镇 3室主卧,现代森林小镇,1200,http://wh.58.com/pinpaigongyu/32668653705419x.shtml?psid=135130983198664367394531974
【合租】关山 清江山水 3室主卧,清江山水,1100,http://wh.58.com/pinpaigongyu/32667452009257x.shtml?psid=135130983198664367394531974
【合租】关山 清江山水 3室主卧,清江山水,1100,http://wh.58.com/pinpaigongyu/32661921417541x.shtml?psid=135130983198664367394531974
【合租】东湖高新 平安光谷春天 3室主卧,平安光谷春天,1000,http://wh.58.com/pinpaigongyu/32659633311171x.shtml?psid=135130983198664367394531974
【合租】东湖高新 平安光谷春天 3室主卧,平安光谷春天,1000,http://wh.58.com/pinpaigongyu/32659596036669x.shtml?psid=135130983198664367394531974
【合租】陈家湾 金鑫国际 3室主卧,金鑫国际,1399,http://wh.58.com/pinpaigongyu/32659484153550x.shtml?psid=135130983198664367394531974
【合租】陈家湾 金鑫国际 3室主卧,金鑫国际,1299,http://wh.58.com/pinpaigongyu/32658523184838x.shtml?psid=135130983198664367394531974
【合租】积玉桥 积玉桥万达SOH 3室主卧,积玉桥万达SOH,1430,http://wh.58.com/pinpaigongyu/32658142037187x.shtml?psid=135130983198664367394531974
【合租】陈家湾 万科锦程 3室主卧,万科锦程,1000,http://wh.58.com/pinpaigongyu/32657778636737x.shtml?psid=135130983198664367394531974
【合租】光谷 当代光谷智慧城 3室主卧,当代光谷智慧城,1100,http://wh.58.com/pinpaigongyu/32672353770189x.shtml?psid=175198489198664367436465273
【整租】杰晨城市公寓 珞狮南路 杰晨公寓美寓店,珞狮南路,1300-1700,http://wh.58.com/pinpaigongyu/32426284034999x.shtml?psid=175198489198664367436465273
【合租】卓刀泉 领秀城 3室主卧,领秀城,1299,http://wh.58.com/pinpaigongyu/32671063594948x.shtml?psid=175198489198664367436465273
【合租】东湖高新 万科魅力之城北区 3室次卧,万科魅力之城北区,1160,http://wh.58.com/pinpaigongyu/32670749803054x.shtml?psid=175198489198664367436465273
【合租】关山 清江山水 3室主卧,清江山水,1100,http://wh.58.com/pinpaigongyu/32670628008747x.shtml?psid=175198489198664367436465273
【整租】杰晨城市公寓 江汉大学 杰晨官湖景珠,江汉大学,1286-1320,http://wh.58.com/pinpaigongyu/32138699601091x.shtml?psid=175198489198664367436465273
【合租】东湖高新 当代国际花园 3室主卧,当代国际花园,1100,http://wh.58.com/pinpaigongyu/32668051518780x.shtml?psid=175198489198664367436465273
【合租】丁字桥 百瑞景中央生活区 3室主卧,百瑞景中央生活区,1299,http://wh.58.com/pinpaigongyu/32667577982666x.shtml?psid=175198489198664367436465273
【合租】丁字桥 百瑞景中央生活区 3室主卧,百瑞景中央生活区,1299,http://wh.58.com/pinpaigongyu/32667645314504x.shtml?psid=175198489198664367436465273
【合租】丁字桥 滨湖名邸一期 3室主卧,滨湖名邸一期,1000,http://wh.58.com/pinpaigongyu/32667020215613x.shtml?psid=175198489198664367436465273
【合租】东湖高新 平安光谷春天 3室主卧,平安光谷春天,1100,http://wh.58.com/pinpaigongyu/32666575228723x.shtml?psid=175198489198664367436465273
【合租】光谷 光谷ONE39 3室主卧,光谷ONE39,1060,http://wh.58.com/pinpaigongyu/32666323489090x.shtml?psid=175198489198664367436465273
【合租】鲁巷 东湖阳光 3室主卧,东湖阳光,1200,http://wh.58.com/pinpaigongyu/32660119085110x.shtml?psid=175198489198664367436465273
【合租】广埠屯 南国大家装 3室主卧,南国大家装,1280,http://wh.58.com/pinpaigongyu/32656923621696x.shtml?psid=175198489198664367436465273
【合租】中华路 粮食局宿舍 3室主卧,粮食局宿舍,1499,http://wh.58.com/pinpaigongyu/32656849644459x.shtml?psid=175198489198664367436465273
【合租】关山 江城雅居 3室主卧,江城雅居,1240,http://wh.58.com/pinpaigongyu/32672434275115x.shtml?psid=175198489198664367436465273
【合租】关山 明珠花园 3室主卧,明珠花园,1120,http://wh.58.com/pinpaigongyu/32672010634419x.shtml?psid=175198489198664367436465273
【合租】东湖高新 平安光谷春天 3室主卧,平安光谷春天,1360,http://wh.58.com/pinpaigongyu/32672154519624x.shtml?psid=175198489198664367436465273
【合租】东湖高新 金地艺境 3室次卧,金地艺境,1000,http://wh.58.com/pinpaigongyu/32671434631999x.shtml?psid=175198489198664367436465273
【合租】东湖高新 金地艺境 3室次卧,金地艺境,1150,http://wh.58.com/pinpaigongyu/32670734548029x.shtml?psid=175198489198664367436465273
【合租】卓刀泉 保利华都 3室主卧,保利华都,1399,http://wh.58.com/pinpaigongyu/32670685621054x.shtml?psid=124958128198664367485529679
【整租】杰晨城市公寓 江汉大学 杰晨官湖景珠,江汉大学,1270-1310,http://wh.58.com/pinpaigongyu/32138702766634x.shtml?psid=124958128198664367485529679
【合租】东湖高新 现代森林小镇 3室主卧,现代森林小镇,1500,http://wh.58.com/pinpaigongyu/32670416087361x.shtml?psid=124958128198664367485529679
【合租】丁字桥 百瑞景中央生活区 3室主卧,百瑞景中央生活区,1199,http://wh.58.com/pinpaigongyu/32668730999994x.shtml?psid=124958128198664367485529679
【合租】丁字桥 百瑞景中央生活区 3室主卧,百瑞景中央生活区,1699,http://wh.58.com/pinpaigongyu/32667536112578x.shtml?psid=124958128198664367485529679
【整租】杰晨城市公寓 珞狮南路 南湖杰晨美寓L,珞狮南路,1350-1600,http://wh.58.com/pinpaigongyu/32138738496959x.shtml?psid=124958128198664367485529679
【合租】光谷 金地天悦 3室主卧,金地天悦,1300,http://wh.58.com/pinpaigongyu/32662258567099x.shtml?psid=124958128198664367485529679
【合租】东湖高新 平安光谷春天 3室主卧,平安光谷春天,1000,http://wh.58.com/pinpaigongyu/32659610538686x.shtml?psid=124958128198664367485529679
【合租】东湖高新 佛奥俊贤雅居 3室次卧,佛奥俊贤雅居,1360,http://wh.58.com/pinpaigongyu/32672816867908x.shtml?psid=124958128198664367485529679
【合租】藏龙岛 天纵水晶郦都 3室主卧,天纵水晶郦都,1330,http://wh.58.com/pinpaigongyu/32672408181709x.shtml?psid=124958128198664367485529679
【合租】东湖高新 当代国际花园 3室主卧,当代国际花园,1300,http://wh.58.com/pinpaigongyu/32671138173379x.shtml?psid=124958128198664367485529679
【合租】卓刀泉 领秀城 3室主卧,领秀城,1399,http://wh.58.com/pinpaigongyu/32670878508996x.shtml?psid=124958128198664367485529679
【合租】卓刀泉 保利华都 3室主卧,保利华都,1299,http://wh.58.com/pinpaigongyu/32670544664127x.shtml?psid=124958128198664367485529679
【合租】东湖高新 现代森林小镇 3室主卧,现代森林小镇,1400,http://wh.58.com/pinpaigongyu/32670350923191x.shtml?psid=124958128198664367485529679
【合租】卓刀泉 保利拉菲 3室主卧,保利拉菲,1099,http://wh.58.com/pinpaigongyu/32669577222577x.shtml?psid=124958128198664367485529679
【合租】东湖高新 平安光谷春天 3室主卧,平安光谷春天,1300,http://wh.58.com/pinpaigongyu/32668725208374x.shtml?psid=124958128198664367485529679
【合租】流芳 凤凰花园一期 3室主卧,凤凰花园一期,1300,http://wh.58.com/pinpaigongyu/32666871235756x.shtml?psid=124958128198664367485529679
【合租】鲁巷 东湖阳光 3室主卧,东湖阳光,1200,http://wh.58.com/pinpaigongyu/32660215723214x.shtml?psid=124958128198664367485529679
【合租】陈家湾 金鑫国际 3室主卧,金鑫国际,1399,http://wh.58.com/pinpaigongyu/32659431267900x.shtml?psid=124958128198664367485529679
【合租】鲁巷 金地本座 3室主卧,金地本座,1200,http://wh.58.com/pinpaigongyu/32659569967171x.shtml?psid=124958128198664367485529679
【合租】关山 江城雅居 3室主卧,江城雅居,1300,http://wh.58.com/pinpaigongyu/32659292671553x.shtml?psid=194717415198664367538436810
【整租】杰晨城市公寓 珞狮南路 杰晨公寓美寓店,珞狮南路,1300-1580,http://wh.58.com/pinpaigongyu/32426259376693x.shtml?psid=194717415198664367538436810
【合租】中华路 粮食局宿舍 3室主卧,粮食局宿舍,1499,http://wh.58.com/pinpaigongyu/32657988754505x.shtml?psid=194717415198664367538436810
【合租】东湖高新 佛奥俊贤雅居 3室次卧,佛奥俊贤雅居,1260,http://wh.58.com/pinpaigongyu/32672841169719x.shtml?psid=194717415198664367538436810
【合租】流芳 凤凰花园一期 3室主卧,凤凰花园一期,1300,http://wh.58.com/pinpaigongyu/32672318144813x.shtml?psid=194717415198664367538436810
【整租】杰晨城市公寓 江汉大学 杰晨官湖景珠,江汉大学,1260-1300,http://wh.58.com/pinpaigongyu/32138720794033x.shtml?psid=194717415198664367538436810
【合租】东湖高新 平安光谷春天 3室主卧,平安光谷春天,1200,http://wh.58.com/pinpaigongyu/32671391358790x.shtml?psid=194717415198664367538436810
【合租】卓刀泉 领秀城 3室主卧,领秀城,1099,http://wh.58.com/pinpaigongyu/32670995914415x.shtml?psid=194717415198664367538436810
【合租】东湖高新 万科魅力之城北区 3室主卧,万科魅力之城北区,1400,http://wh.58.com/pinpaigongyu/32670649950389x.shtml?psid=194717415198664367538436810
【合租】卓刀泉 保利华都 3室主卧,保利华都,1299,http://wh.58.com/pinpaigongyu/32670461627306x.shtml?psid=194717415198664367538436810
【合租】珞狮南路 圆梦美丽家园 3室主卧,圆梦美丽家园,1190,http://wh.58.com/pinpaigongyu/32669292981071x.shtml?psid=194717415198664367538436810
【合租】丁字桥 百瑞景中央生活区 3室主卧,百瑞景中央生活区,1499,http://wh.58.com/pinpaigongyu/32667504676393x.shtml?psid=194717415198664367538436810
【合租】关山 金地格林东郡 3室主卧,金地格林东郡,1100,http://wh.58.com/pinpaigongyu/32666705221197x.shtml?psid=194717415198664367538436810
【合租】东湖高新 当代国际花园 3室主卧,当代国际花园,1300,http://wh.58.com/pinpaigongyu/32662593798735x.shtml?psid=194717415198664367538436810
【合租】关山 保利花园东区 3室主卧,保利花园东区,1200,http://wh.58.com/pinpaigongyu/32662325546025x.shtml?psid=194717415198664367538436810
【合租】光谷 云顶居 3室主卧,云顶居,1300,http://wh.58.com/pinpaigongyu/32662225412044x.shtml?psid=194717415198664367538436810
【合租】鲁巷 宇峰家园 3室主卧,宇峰家园,1300,http://wh.58.com/pinpaigongyu/32662139825614x.shtml?psid=194717415198664367538436810
【合租】关山 金地太阳城 3室主卧,金地太阳城,1200,http://wh.58.com/pinpaigongyu/32659712022729x.shtml?psid=194717415198664367538436810
【合租】东湖高新 平安光谷春天 3室主卧,平安光谷春天,1000,http://wh.58.com/pinpaigongyu/32659649577002x.shtml?psid=194717415198664367538436810
【合租】陈家湾 金鑫国际 3室主卧,金鑫国际,1299,http://wh.58.com/pinpaigongyu/32659267900983x.shtml?psid=194717415198664367538436810
【合租】鲁巷 金地雄楚一号 3室主卧,金地雄楚一号,1250,http://wh.58.com/pinpaigongyu/32658921926711x.shtml?psid=164238351198664367604134146
【整租】杰晨城市公寓 江汉大学 杰晨官湖景珠,江汉大学,1265-1306,http://wh.58.com/pinpaigongyu/32138708351537x.shtml?psid=164238351198664367604134146
【合租】广埠屯 群光上苑 3室次卧,群光上苑,1030,http://wh.58.com/pinpaigongyu/32657186440628x.shtml?psid=164238351198664367604134146
【合租】关山 江城雅居 3室主卧,江城雅居,1360,http://wh.58.com/pinpaigongyu/32672342864064x.shtml?psid=164238351198664367604134146
【合租】东湖高新 平安光谷春天 3室主卧,平安光谷春天,1200,http://wh.58.com/pinpaigongyu/32671379272398x.shtml?psid=164238351198664367604134146
【整租】杰晨城市公寓 珞狮南路 杰晨公寓美寓店,珞狮南路,1300-1700,http://wh.58.com/pinpaigongyu/32426312772916x.shtml?psid=164238351198664367604134146
【合租】关山 清江山水 3室主卧,清江山水,1300,http://wh.58.com/pinpaigongyu/32671112270387x.shtml?psid=164238351198664367604134146
【合租】卓刀泉 领秀城 3室主卧,领秀城,1399,http://wh.58.com/pinpaigongyu/32671038015430x.shtml?psid=164238351198664367604134146
【合租】卓刀泉 保利拉菲 3室主卧,保利拉菲,1299,http://wh.58.com/pinpaigongyu/32669975940024x.shtml?psid=164238351198664367604134146
【合租】丁字桥 百瑞景中央生活区 3室主卧,百瑞景中央生活区,1199,http://wh.58.com/pinpaigongyu/32668970827703x.shtml?psid=164238351198664367604134146
【合租】丁字桥 百瑞景中央生活区 3室主卧,百瑞景中央生活区,1099,http://wh.58.com/pinpaigongyu/32668931413449x.shtml?psid=164238351198664367604134146
【合租】关山 江城雅居 3室主卧,江城雅居,1200,http://wh.58.com/pinpaigongyu/32667074137404x.shtml?psid=164238351198664367604134146
【合租】广埠屯 银海雅苑 3室主卧,银海雅苑,1100,http://wh.58.com/pinpaigongyu/32667528561353x.shtml?psid=164238351198664367604134146
【合租】东湖高新 当代国际花园 3室主卧,当代国际花园,1300,http://wh.58.com/pinpaigongyu/32662568036267x.shtml?psid=164238351198664367604134146
【合租】关山 金地中心城西区 3室次卧,金地中心城西区,1100,http://wh.58.com/pinpaigongyu/32662389667510x.shtml?psid=164238351198664367604134146
【合租】关山 清江山水 3室主卧,清江山水,1300,http://wh.58.com/pinpaigongyu/32661795417279x.shtml?psid=164238351198664367604134146
【合租】鲁巷 金地雄楚一号 3室主卧,金地雄楚一号,1200,http://wh.58.com/pinpaigongyu/32658837547437x.shtml?psid=164238351198664367604134146
【合租】陈家湾 金鑫国际 3室主卧,金鑫国际,1399,http://wh.58.com/pinpaigongyu/32658852528187x.shtml?psid=164238351198664367604134146
【合租】陈家湾 万科锦程 3室主卧,万科锦程,1000,http://wh.58.com/pinpaigongyu/32658119376306x.shtml?psid=164238351198664367604134146
【合租】广埠屯 樱花大厦 3室主卧,樱花大厦,1380,http://wh.58.com/pinpaigongyu/32657235088814x.shtml?psid=164238351198664367604134146
【合租】傅家坡 梅苑小区 3室次卧,梅苑小区,1090,http://wh.58.com/pinpaigongyu/32656500085809x.shtml?psid=105907436198664367651298648
【合租】东湖高新 平安光谷春天 3室主卧,平安光谷春天,1330,http://wh.58.com/pinpaigongyu/32672214780233x.shtml?psid=105907436198664367651298648
【合租】关山 明珠花园 3室主卧,明珠花园,1100,http://wh.58.com/pinpaigongyu/32672605710282x.shtml?psid=105907436198664367651298648
【合租】流芳 凤凰花园一期 3室主卧,凤凰花园一期,1300,http://wh.58.com/pinpaigongyu/32672337120578x.shtml?psid=105907436198664367651298648
【合租】关山 江城雅居 3室次卧,江城雅居,1100,http://wh.58.com/pinpaigongyu/32671765133878x.shtml?psid=105907436198664367651298648
【合租】卓刀泉 保利华都 3室主卧,保利华都,1299,http://wh.58.com/pinpaigongyu/32670569369263x.shtml?psid=105907436198664367651298648
【合租】卓刀泉 保利华都 3室主卧,保利华都,1099,http://wh.58.com/pinpaigongyu/32670208225962x.shtml?psid=105907436198664367651298648
【合租】卓刀泉 保利华都 3室主卧,保利华都,1399,http://wh.58.com/pinpaigongyu/32670176739273x.shtml?psid=105907436198664367651298648
【合租】卓刀泉 保利华都 3室主卧,保利华都,1399,http://wh.58.com/pinpaigongyu/32670138724815x.shtml?psid=105907436198664367651298648
【合租】卓刀泉 保利拉菲 3室主卧,保利拉菲,1299,http://wh.58.com/pinpaigongyu/32669716970157x.shtml?psid=105907436198664367651298648
【合租】丁字桥 百瑞景中央生活区 3室主卧,百瑞景中央生活区,1299,http://wh.58.com/pinpaigongyu/32669313718726x.shtml?psid=105907436198664367651298648
【合租】东湖高新 当代国际花园 3室主卧,当代国际花园,1200,http://wh.58.com/pinpaigongyu/32668681626699x.shtml?psid=105907436198664367651298648
【合租】东湖高新 平安光谷春天 3室主卧,平安光谷春天,1100,http://wh.58.com/pinpaigongyu/32668382422729x.shtml?psid=105907436198664367651298648
【合租】珞狮南路 狮城名居 3室次卧,狮城名居,1190,http://wh.58.com/pinpaigongyu/32668266938423x.shtml?psid=105907436198664367651298648
【合租】东湖高新 现代森林小镇 3室次卧,现代森林小镇,1200,http://wh.58.com/pinpaigongyu/32667798353855x.shtml?psid=105907436198664367651298648
【合租】关山 清江山水 3室主卧,清江山水,1100,http://wh.58.com/pinpaigongyu/32667540809661x.shtml?psid=105907436198664367651298648
【合租】光谷 云顶居 3室主卧,云顶居,1200,http://wh.58.com/pinpaigongyu/32662364282048x.shtml?psid=105907436198664367651298648
【合租】丁字桥 滨湖名邸一期 3室主卧,滨湖名邸一期,1099,http://wh.58.com/pinpaigongyu/32659919259582x.shtml?psid=105907436198664367651298648
【合租】关山 华乐花园 3室主卧,华乐花园,1460,http://wh.58.com/pinpaigongyu/32659014785202x.shtml?psid=105907436198664367651298648
【合租】积玉桥 积玉桥万达SOH 3室主卧,积玉桥万达SOH,1300,http://wh.58.com/pinpaigongyu/32658110776132x.shtml?psid=105907436198664367651298648
